date,country_id,lat,lon,covid_confirmed,covid_deaths
2020-01-24,AL,41.1533,20.1683,0,0
2020-01-29,AL,41.1533,20.1683,0,0
2020-02-11,AL,41.1533,20.1683,0,0
2020-02-07,AL,41.1533,20.1683,0,0
2020-02-25,AL,41.1533,20.1683,0,0
2020-02-01,AL,41.1533,20.1683,0,0
2020-02-24,AL,41.1533,20.1683,0,0
2020-02-18,AL,41.1533,20.1683,0,0
2020-02-21,AL,41.1533,20.1683,0,0
2020-01-23,AL,41.1533,20.1683,0,0
2020-02-02,AL,41.1533,20.1683,0,0
2020-02-16,AL,41.1533,20.1683,0,0
2020-01-25,AL,41.1533,20.1683,0,0
2020-01-30,AL,41.1533,20.1683,0,0
2020-02-14,AL,41.1533,20.1683,0,0
2020-01-27,AL,41.1533,20.1683,0,0
2020-03-02,AL,41.1533,20.1683,0,0
2020-02-03,AL,41.1533,20.1683,0,0
2020-02-22,AL,41.1533,20.1683,0,0
2020-01-28,AL,41.1533,20.1683,0,0
2020-01-31,AL,41.1533,20.1683,0,0
2020-02-08,AL,41.1533,20.1683,0,0
2020-02-17,AL,41.1533,20.1683,0,0
2020-01-26,AL,41.1533,20.1683,0,0
2020-02-04,AL,41.1533,20.1683,0,0
2020-02-09,AL,41.1533,20.1683,0,0
2020-02-13,AL,41.1533,20.1683,0,0
2020-02-20,AL,41.1533,20.1683,0,0
2020-02-12,AL,41.1533,20.1683,0,0
2020-02-05,AL,41.1533,20.1683,0,0
2020-02-06,AL,41.1533,20.1683,0,0
2020-02-19,AL,41.1533,20.1683,0,0
2020-02-10,AL,41.1533,20.1683,0,0
2020-02-15,AL,41.1533,20.1683,0,0
2020-02-23,AL,41.1533,20.1683,0,0
2020-03-06,AL,41.1533,20.1683,0,0
2020-02-27,AL,41.1533,20.1683,0,0
2020-03-18,AL,41.1533,20.1683,59,2
2020-03-19,AL,41.1533,20.1683,64,2
2020-03-08,AL,41.1533,20.1683,0,0
2020-03-03,AL,41.1533,20.1683,0,0
2020-03-16,AL,41.1533,20.1683,51,1
2020-03-01,AL,41.1533,20.1683,0,0
2020-03-09,AL,41.1533,20.1683,2,0
2020-03-31,AL,41.1533,20.1683,243,15
2020-03-14,AL,41.1533,20.1683,38,1
2020-03-26,AL,41.1533,20.1683,174,6
2020-03-04,AL,41.1533,20.1683,0,0
2020-01-22,AL,41.1533,20.1683,0,0
2020-03-27,AL,41.1533,20.1683,186,8
2020-03-15,AL,41.1533,20.1683,42,1
2020-03-28,AL,41.1533,20.1683,197,10
2020-02-29,AL,41.1533,20.1683,0,0
2020-03-07,AL,41.1533,20.1683,0,0
2020-03-13,AL,41.1533,20.1683,33,1
2020-03-17,AL,41.1533,20.1683,55,1
2020-03-21,AL,41.1533,20.1683,76,2
2020-02-28,AL,41.1533,20.1683,0,0
2020-03-11,AL,41.1533,20.1683,12,1
2020-03-25,AL,41.1533,20.1683,146,5
2020-02-26,AL,41.1533,20.1683,0,0
2020-03-12,AL,41.1533,20.1683,23,1
2020-03-10,AL,41.1533,20.1683,10,0
2020-03-30,AL,41.1533,20.1683,223,11
2020-03-22,AL,41.1533,20.1683,89,2
2020-03-23,AL,41.1533,20.1683,104,4
2020-03-05,AL,41.1533,20.1683,0,0
2020-03-24,AL,41.1533,20.1683,123,5
2020-03-29,AL,41.1533,20.1683,212,10
2020-03-20,AL,41.1533,20.1683,70,2
2020-02-03,AT,47.5162,14.5501,0,0
2020-03-18,AT,47.5162,14.5501,1646,4
2020-03-13,AT,47.5162,14.5501,504,1
2020-02-01,AT,47.5162,14.5501,0,0
2020-01-22,AT,47.5162,14.5501,0,0
2020-03-28,AT,47.5162,14.5501,8271,68
2020-02-29,AT,47.5162,14.5501,9,0
2020-03-26,AT,47.5162,14.5501,6909,49
2020-02-17,AT,47.5162,14.5501,0,0
2020-02-06,AT,47.5162,14.5501,0,0
2020-02-19,AT,47.5162,14.5501,0,0
2020-02-26,AT,47.5162,14.5501,2,0
2020-01-28,AT,47.5162,14.5501,0,0
2020-02-12,AT,47.5162,14.5501,0,0
2020-03-22,AT,47.5162,14.5501,3582,16
2020-03-16,AT,47.5162,14.5501,1018,3
2020-02-25,AT,47.5162,14.5501,2,0
2020-03-02,AT,47.5162,14.5501,18,0
2020-02-14,AT,47.5162,14.5501,0,0
2020-03-21,AT,47.5162,14.5501,2814,8
2020-03-10,AT,47.5162,14.5501,182,0
2020-03-12,AT,47.5162,14.5501,302,1
2020-01-31,AT,47.5162,14.5501,0,0
2020-02-15,AT,47.5162,14.5501,0,0
2020-02-20,AT,47.5162,14.5501,0,0
2020-03-31,AT,47.5162,14.5501,10180,128
2020-03-14,AT,47.5162,14.5501,655,1
2020-03-05,AT,47.5162,14.5501,41,0
2020-03-06,AT,47.5162,14.5501,55,0
2020-01-23,AT,47.5162,14.5501,0,0
2020-03-24,AT,47.5162,14.5501,5283,28
2020-02-09,AT,47.5162,14.5501,0,0
2020-03-03,AT,47.5162,14.5501,21,0
2020-01-26,AT,47.5162,14.5501,0,0
2020-02-22,AT,47.5162,14.5501,0,0
2020-03-25,AT,47.5162,14.5501,5588,30
2020-02-23,AT,47.5162,14.5501,0,0
2020-03-20,AT,47.5162,14.5501,2388,6
2020-02-28,AT,47.5162,14.5501,3,0
2020-02-13,AT,47.5162,14.5501,0,0
2020-03-11,AT,47.5162,14.5501,246,0
2020-02-11,AT,47.5162,14.5501,0,0
2020-02-08,AT,47.5162,14.5501,0,0
2020-03-23,AT,47.5162,14.5501,4474,21
2020-01-27,AT,47.5162,14.5501,0,0
2020-02-21,AT,47.5162,14.5501,0,0
2020-03-17,AT,47.5162,14.5501,1332,3
2020-03-27,AT,47.5162,14.5501,7657,58
2020-03-01,AT,47.5162,14.5501,14,0
2020-02-07,AT,47.5162,14.5501,0,0
2020-03-04,AT,47.5162,14.5501,29,0
2020-02-04,AT,47.5162,14.5501,0,0
2020-03-15,AT,47.5162,14.5501,860,1
2020-02-27,AT,47.5162,14.5501,3,0
2020-01-29,AT,47.5162,14.5501,0,0
2020-02-10,AT,47.5162,14.5501,0,0
2020-03-29,AT,47.5162,14.5501,8788,86
2020-02-16,AT,47.5162,14.5501,0,0
2020-03-07,AT,47.5162,14.5501,79,0
2020-03-08,AT,47.5162,14.5501,104,0
2020-03-19,AT,47.5162,14.5501,2013,6
2020-01-30,AT,47.5162,14.5501,0,0
2020-03-09,AT,47.5162,14.5501,131,0
2020-01-24,AT,47.5162,14.5501,0,0
2020-01-25,AT,47.5162,14.5501,0,0
2020-02-05,AT,47.5162,14.5501,0,0
2020-02-18,AT,47.5162,14.5501,0,0
2020-02-02,AT,47.5162,14.5501,0,0
2020-03-30,AT,47.5162,14.5501,9618,108
2020-02-24,AT,47.5162,14.5501,0,0
2020-02-09,BE,50.8333,4.0,1,0
2020-02-28,BE,50.8333,4.0,1,0
2020-01-24,BE,50.8333,4.0,0,0
2020-01-22,BE,50.8333,4.0,0,0
2020-03-30,BE,50.8333,4.0,11899,513
2020-02-18,BE,50.8333,4.0,1,0
2020-02-03,BE,50.8333,4.0,0,0
2020-03-16,BE,50.8333,4.0,1058,5
2020-02-12,BE,50.8333,4.0,1,0
2020-02-11,BE,50.8333,4.0,1,0
2020-02-19,BE,50.8333,4.0,1,0
2020-02-26,BE,50.8333,4.0,1,0
2020-03-22,BE,50.8333,4.0,3401,75
2020-03-04,BE,50.8333,4.0,23,0
2020-02-04,BE,50.8333,4.0,1,0
2020-02-13,BE,50.8333,4.0,1,0
2020-02-20,BE,50.8333,4.0,1,0
2020-03-01,BE,50.8333,4.0,2,0
2020-02-24,BE,50.8333,4.0,1,0
2020-03-20,BE,50.8333,4.0,2257,37
2020-03-06,BE,50.8333,4.0,109,0
2020-03-10,BE,50.8333,4.0,267,0
2020-03-23,BE,50.8333,4.0,3743,88
2020-03-03,BE,50.8333,4.0,13,0
2020-02-06,BE,50.8333,4.0,1,0
2020-03-28,BE,50.8333,4.0,9134,353
2020-02-29,BE,50.8333,4.0,1,0
2020-01-27,BE,50.8333,4.0,0,0
2020-02-07,BE,50.8333,4.0,1,0
2020-03-29,BE,50.8333,4.0,10836,431
2020-02-23,BE,50.8333,4.0,1,0
2020-02-15,BE,50.8333,4.0,1,0
2020-01-25,BE,50.8333,4.0,0,0
2020-03-24,BE,50.8333,4.0,4269,122
2020-03-07,BE,50.8333,4.0,169,0
2020-03-25,BE,50.8333,4.0,4937,178
2020-02-22,BE,50.8333,4.0,1,0
2020-02-25,BE,50.8333,4.0,1,0
2020-01-26,BE,50.8333,4.0,0,0
2020-03-19,BE,50.8333,4.0,1795,21
2020-03-11,BE,50.8333,4.0,314,3
2020-02-01,BE,50.8333,4.0,0,0
2020-01-31,BE,50.8333,4.0,0,0
2020-01-29,BE,50.8333,4.0,0,0
2020-02-27,BE,50.8333,4.0,1,0
2020-02-08,BE,50.8333,4.0,1,0
2020-01-30,BE,50.8333,4.0,0,0
2020-02-17,BE,50.8333,4.0,1,0
2020-03-31,BE,50.8333,4.0,12775,705
2020-03-08,BE,50.8333,4.0,200,0
2020-03-17,BE,50.8333,4.0,1243,10
2020-02-02,BE,50.8333,4.0,0,0
2020-02-10,BE,50.8333,4.0,1,0
2020-01-28,BE,50.8333,4.0,0,0
2020-02-14,BE,50.8333,4.0,1,0
2020-02-05,BE,50.8333,4.0,1,0
2020-02-21,BE,50.8333,4.0,1,0
2020-03-12,BE,50.8333,4.0,314,3
2020-02-16,BE,50.8333,4.0,1,0
2020-03-27,BE,50.8333,4.0,7284,289
2020-03-09,BE,50.8333,4.0,239,0
2020-03-02,BE,50.8333,4.0,8,0
2020-03-21,BE,50.8333,4.0,2815,67
2020-03-05,BE,50.8333,4.0,50,0
2020-03-15,BE,50.8333,4.0,886,4
2020-03-18,BE,50.8333,4.0,1486,14
2020-03-26,BE,50.8333,4.0,6235,220
2020-03-14,BE,50.8333,4.0,689,4
2020-03-13,BE,50.8333,4.0,559,3
2020-01-23,BE,50.8333,4.0,0,0
2020-02-29,NL,52.1326,5.2913,6,0
2020-03-14,NL,52.1326,5.2913,959,12
2020-01-31,NL,52.1326,5.2913,0,0
2020-03-11,NL,52.1326,5.2913,503,5
2020-03-31,NL,52.1326,5.2913,12595,1039
2020-02-07,NL,52.1326,5.2913,0,0
2020-02-09,NL,52.1326,5.2913,0,0
2020-02-04,NL,52.1326,5.2913,0,0
2020-02-21,NL,52.1326,5.2913,0,0
2020-01-23,NL,52.1326,5.2913,0,0
2020-02-17,NL,52.1326,5.2913,0,0
2020-03-09,NL,52.1326,5.2913,321,3
2020-01-30,NL,52.1326,5.2913,0,0
2020-01-26,NL,52.1326,5.2913,0,0
2020-03-04,NL,52.1326,5.2913,38,0
2020-03-17,NL,52.1326,5.2913,1705,43
2020-03-26,NL,52.1326,5.2913,7431,434
2020-03-24,NL,52.1326,5.2913,5560,276
2020-02-15,NL,52.1326,5.2913,0,0
2020-02-27,NL,52.1326,5.2913,1,0
2020-03-29,NL,52.1326,5.2913,10866,771
2020-02-25,NL,52.1326,5.2913,0,0
2020-01-22,NL,52.1326,5.2913,0,0
2020-02-24,NL,52.1326,5.2913,0,0
2020-03-21,NL,52.1326,5.2913,3631,136
2020-02-26,NL,52.1326,5.2913,0,0
2020-02-08,NL,52.1326,5.2913,0,0
2020-03-07,NL,52.1326,5.2913,188,1
2020-03-05,NL,52.1326,5.2913,82,0
2020-03-30,NL,52.1326,5.2913,11750,864
2020-02-16,NL,52.1326,5.2913,0,0
2020-03-12,NL,52.1326,5.2913,503,5
2020-02-23,NL,52.1326,5.2913,0,0
2020-03-13,NL,52.1326,5.2913,804,10
2020-02-10,NL,52.1326,5.2913,0,0
2020-01-25,NL,52.1326,5.2913,0,0
2020-02-02,NL,52.1326,5.2913,0,0
2020-02-18,NL,52.1326,5.2913,0,0
2020-03-28,NL,52.1326,5.2913,9762,639
2020-02-22,NL,52.1326,5.2913,0,0
2020-02-11,NL,52.1326,5.2913,0,0
2020-03-03,NL,52.1326,5.2913,24,0
2020-02-28,NL,52.1326,5.2913,1,0
2020-03-15,NL,52.1326,5.2913,1135,20
2020-02-06,NL,52.1326,5.2913,0,0
2020-03-22,NL,52.1326,5.2913,4204,179
2020-03-16,NL,52.1326,5.2913,1413,24
2020-01-24,NL,52.1326,5.2913,0,0
2020-03-27,NL,52.1326,5.2913,8603,546
2020-02-01,NL,52.1326,5.2913,0,0
2020-03-19,NL,52.1326,5.2913,2460,76
2020-03-06,NL,52.1326,5.2913,128,1
2020-01-29,NL,52.1326,5.2913,0,0
2020-03-08,NL,52.1326,5.2913,265,3
2020-02-14,NL,52.1326,5.2913,0,0
2020-02-05,NL,52.1326,5.2913,0,0
2020-02-03,NL,52.1326,5.2913,0,0
2020-02-20,NL,52.1326,5.2913,0,0
2020-01-27,NL,52.1326,5.2913,0,0
2020-03-01,NL,52.1326,5.2913,10,0
2020-02-13,NL,52.1326,5.2913,0,0
2020-02-19,NL,52.1326,5.2913,0,0
2020-02-12,NL,52.1326,5.2913,0,0
2020-03-25,NL,52.1326,5.2913,6412,356
2020-03-02,NL,52.1326,5.2913,18,0
2020-03-18,NL,52.1326,5.2913,2051,58
2020-03-20,NL,52.1326,5.2913,2994,106
2020-01-28,NL,52.1326,5.2913,0,0
2020-03-23,NL,52.1326,5.2913,4749,213
2020-03-10,NL,52.1326,5.2913,382,4
2020-02-09,PL,51.9194,19.1451,0,0
2020-03-20,PL,51.9194,19.1451,425,5
2020-03-15,PL,51.9194,19.1451,119,3
2020-03-03,PL,51.9194,19.1451,0,0
2020-01-23,PL,51.9194,19.1451,0,0
2020-02-10,PL,51.9194,19.1451,0,0
2020-03-02,PL,51.9194,19.1451,0,0
2020-01-27,PL,51.9194,19.1451,0,0
2020-01-24,PL,51.9194,19.1451,0,0
2020-02-29,PL,51.9194,19.1451,0,0
2020-03-14,PL,51.9194,19.1451,103,3
2020-03-11,PL,51.9194,19.1451,31,0
2020-01-31,PL,51.9194,19.1451,0,0
2020-03-07,PL,51.9194,19.1451,5,0
2020-01-30,PL,51.9194,19.1451,0,0
2020-03-23,PL,51.9194,19.1451,749,8
2020-02-03,PL,51.9194,19.1451,0,0
2020-02-08,PL,51.9194,19.1451,0,0
2020-02-18,PL,51.9194,19.1451,0,0
2020-02-24,PL,51.9194,19.1451,0,0
2020-03-21,PL,51.9194,19.1451,536,5
2020-02-15,PL,51.9194,19.1451,0,0
2020-01-25,PL,51.9194,19.1451,0,0
2020-03-16,PL,51.9194,19.1451,177,4
2020-03-08,PL,51.9194,19.1451,11,0
2020-03-27,PL,51.9194,19.1451,1389,16
2020-03-01,PL,51.9194,19.1451,0,0
2020-03-22,PL,51.9194,19.1451,634,7
2020-03-30,PL,51.9194,19.1451,2055,31
2020-03-24,PL,51.9194,19.1451,901,10
2020-02-13,PL,51.9194,19.1451,0,0
2020-02-01,PL,51.9194,19.1451,0,0
2020-03-04,PL,51.9194,19.1451,1,0
2020-02-26,PL,51.9194,19.1451,0,0
2020-02-20,PL,51.9194,19.1451,0,0
2020-02-02,PL,51.9194,19.1451,0,0
2020-02-04,PL,51.9194,19.1451,0,0
2020-02-12,PL,51.9194,19.1451,0,0
2020-03-19,PL,51.9194,19.1451,355,5
2020-02-06,PL,51.9194,19.1451,0,0
2020-02-28,PL,51.9194,19.1451,0,0
2020-03-25,PL,51.9194,19.1451,1051,14
2020-02-11,PL,51.9194,19.1451,0,0
2020-02-05,PL,51.9194,19.1451,0,0
2020-02-19,PL,51.9194,19.1451,0,0
2020-03-09,PL,51.9194,19.1451,16,0
2020-03-26,PL,51.9194,19.1451,1221,16
2020-03-10,PL,51.9194,19.1451,22,0
2020-03-28,PL,51.9194,19.1451,1638,18
2020-03-05,PL,51.9194,19.1451,1,0
2020-02-21,PL,51.9194,19.1451,0,0
2020-03-31,PL,51.9194,19.1451,2311,33
2020-01-22,PL,51.9194,19.1451,0,0
2020-03-18,PL,51.9194,19.1451,251,5
2020-02-22,PL,51.9194,19.1451,0,0
2020-03-13,PL,51.9194,19.1451,68,2
2020-01-26,PL,51.9194,19.1451,0,0
2020-02-07,PL,51.9194,19.1451,0,0
2020-01-28,PL,51.9194,19.1451,0,0
2020-03-12,PL,51.9194,19.1451,49,1
2020-02-27,PL,51.9194,19.1451,0,0
2020-02-23,PL,51.9194,19.1451,0,0
2020-03-29,PL,51.9194,19.1451,1862,22
2020-02-14,PL,51.9194,19.1451,0,0
2020-01-29,PL,51.9194,19.1451,0,0
2020-03-17,PL,51.9194,19.1451,238,5
2020-02-25,PL,51.9194,19.1451,0,0
2020-02-17,PL,51.9194,19.1451,0,0
2020-02-16,PL,51.9194,19.1451,0,0
2020-03-06,PL,51.9194,19.1451,5,0
2020-02-21,PT,39.3999,-8.2245,0,0
2020-03-16,PT,39.3999,-8.2245,331,0
2020-03-12,PT,39.3999,-8.2245,59,0
2020-02-05,PT,39.3999,-8.2245,0,0
2020-02-22,PT,39.3999,-8.2245,0,0
2020-02-12,PT,39.3999,-8.2245,0,0
2020-03-10,PT,39.3999,-8.2245,41,0
2020-02-15,PT,39.3999,-8.2245,0,0
2020-02-29,PT,39.3999,-8.2245,0,0
2020-02-09,PT,39.3999,-8.2245,0,0
2020-01-27,PT,39.3999,-8.2245,0,0
2020-01-30,PT,39.3999,-8.2245,0,0
2020-03-03,PT,39.3999,-8.2245,2,0
2020-02-13,PT,39.3999,-8.2245,0,0
2020-03-19,PT,39.3999,-8.2245,785,3
2020-02-01,PT,39.3999,-8.2245,0,0
2020-03-09,PT,39.3999,-8.2245,30,0
2020-02-02,PT,39.3999,-8.2245,0,0
2020-02-11,PT,39.3999,-8.2245,0,0
2020-03-07,PT,39.3999,-8.2245,20,0
2020-01-29,PT,39.3999,-8.2245,0,0
2020-02-14,PT,39.3999,-8.2245,0,0
2020-02-28,PT,39.3999,-8.2245,0,0
2020-03-27,PT,39.3999,-8.2245,4268,76
2020-02-18,PT,39.3999,-8.2245,0,0
2020-03-31,PT,39.3999,-8.2245,7443,160
2020-02-04,PT,39.3999,-8.2245,0,0
2020-03-08,PT,39.3999,-8.2245,30,0
2020-02-07,PT,39.3999,-8.2245,0,0
2020-02-24,PT,39.3999,-8.2245,0,0
2020-02-16,PT,39.3999,-8.2245,0,0
2020-02-06,PT,39.3999,-8.2245,0,0
2020-01-22,PT,39.3999,-8.2245,0,0
2020-03-13,PT,39.3999,-8.2245,112,0
2020-03-01,PT,39.3999,-8.2245,0,0
2020-03-28,PT,39.3999,-8.2245,5170,100
2020-02-10,PT,39.3999,-8.2245,0,0
2020-03-11,PT,39.3999,-8.2245,59,0
2020-03-18,PT,39.3999,-8.2245,448,2
2020-03-26,PT,39.3999,-8.2245,3544,60
2020-03-25,PT,39.3999,-8.2245,2995,43
2020-01-25,PT,39.3999,-8.2245,0,0
2020-01-31,PT,39.3999,-8.2245,0,0
2020-03-17,PT,39.3999,-8.2245,448,1
2020-01-23,PT,39.3999,-8.2245,0,0
2020-02-08,PT,39.3999,-8.2245,0,0
2020-03-20,PT,39.3999,-8.2245,1020,6
2020-02-23,PT,39.3999,-8.2245,0,0
2020-02-17,PT,39.3999,-8.2245,0,0
2020-02-27,PT,39.3999,-8.2245,0,0
2020-02-20,PT,39.3999,-8.2245,0,0
2020-01-26,PT,39.3999,-8.2245,0,0
2020-03-15,PT,39.3999,-8.2245,245,0
2020-03-02,PT,39.3999,-8.2245,2,0
2020-03-30,PT,39.3999,-8.2245,6408,140
2020-03-24,PT,39.3999,-8.2245,2362,33
2020-03-22,PT,39.3999,-8.2245,1600,14
2020-03-04,PT,39.3999,-8.2245,5,0
2020-02-25,PT,39.3999,-8.2245,0,0
2020-02-26,PT,39.3999,-8.2245,0,0
2020-03-06,PT,39.3999,-8.2245,13,0
2020-03-05,PT,39.3999,-8.2245,8,0
2020-03-23,PT,39.3999,-8.2245,2060,23
2020-02-03,PT,39.3999,-8.2245,0,0
2020-02-19,PT,39.3999,-8.2245,0,0
2020-01-28,PT,39.3999,-8.2245,0,0
2020-03-21,PT,39.3999,-8.2245,1280,12
2020-01-24,PT,39.3999,-8.2245,0,0
2020-03-29,PT,39.3999,-8.2245,5962,119
2020-03-14,PT,39.3999,-8.2245,169,0
2020-03-17,DK,56.2639,9.5018,977,4
2020-03-15,DK,56.2639,9.5018,864,2
2020-01-25,DK,56.2639,9.5018,0,0
2020-03-26,DK,56.2639,9.5018,1877,41
2020-01-27,DK,56.2639,9.5018,0,0
2020-02-11,DK,56.2639,9.5018,0,0
2020-03-22,DK,56.2639,9.5018,1395,13
2020-02-13,DK,56.2639,9.5018,0,0
2020-03-21,DK,56.2639,9.5018,1326,13
2020-03-07,DK,56.2639,9.5018,23,0
2020-03-31,DK,56.2639,9.5018,2860,90
2020-03-29,DK,56.2639,9.5018,2395,72
2020-01-28,DK,56.2639,9.5018,0,0
2020-02-05,DK,56.2639,9.5018,0,0
2020-03-19,DK,56.2639,9.5018,1151,6
2020-02-09,DK,56.2639,9.5018,0,0
2020-03-11,DK,56.2639,9.5018,442,0
2020-03-12,DK,56.2639,9.5018,615,0
2020-02-25,DK,56.2639,9.5018,0,0
2020-02-24,DK,56.2639,9.5018,0,0
2020-02-26,DK,56.2639,9.5018,0,0
2020-03-06,DK,56.2639,9.5018,23,0
2020-01-31,DK,56.2639,9.5018,0,0
2020-01-22,DK,56.2639,9.5018,0,0
2020-02-17,DK,56.2639,9.5018,0,0
2020-02-01,DK,56.2639,9.5018,0,0
2020-02-23,DK,56.2639,9.5018,0,0
2020-03-09,DK,56.2639,9.5018,90,0
2020-03-27,DK,56.2639,9.5018,2046,52
2020-03-05,DK,56.2639,9.5018,10,0
2020-03-03,DK,56.2639,9.5018,6,0
2020-03-14,DK,56.2639,9.5018,827,1
2020-03-30,DK,56.2639,9.5018,2577,77
2020-03-28,DK,56.2639,9.5018,2201,65
2020-02-21,DK,56.2639,9.5018,0,0
2020-02-16,DK,56.2639,9.5018,0,0
2020-03-02,DK,56.2639,9.5018,4,0
2020-03-01,DK,56.2639,9.5018,4,0
2020-02-22,DK,56.2639,9.5018,0,0
2020-02-06,DK,56.2639,9.5018,0,0
2020-01-23,DK,56.2639,9.5018,0,0
2020-03-18,DK,56.2639,9.5018,1057,4
2020-02-07,DK,56.2639,9.5018,0,0
2020-02-15,DK,56.2639,9.5018,0,0
2020-01-24,DK,56.2639,9.5018,0,0
2020-03-24,DK,56.2639,9.5018,1591,32
2020-01-30,DK,56.2639,9.5018,0,0
2020-02-04,DK,56.2639,9.5018,0,0
2020-03-10,DK,56.2639,9.5018,262,0
2020-01-29,DK,56.2639,9.5018,0,0
2020-03-16,DK,56.2639,9.5018,914,3
2020-02-27,DK,56.2639,9.5018,1,0
2020-02-18,DK,56.2639,9.5018,0,0
2020-03-04,DK,56.2639,9.5018,10,0
2020-03-13,DK,56.2639,9.5018,801,0
2020-02-02,DK,56.2639,9.5018,0,0
2020-02-20,DK,56.2639,9.5018,0,0
2020-03-25,DK,56.2639,9.5018,1724,34
2020-01-26,DK,56.2639,9.5018,0,0
2020-02-19,DK,56.2639,9.5018,0,0
2020-02-08,DK,56.2639,9.5018,0,0
2020-02-28,DK,56.2639,9.5018,1,0
2020-02-29,DK,56.2639,9.5018,3,0
2020-02-10,DK,56.2639,9.5018,0,0
2020-03-23,DK,56.2639,9.5018,1450,24
2020-03-20,DK,56.2639,9.5018,1255,9
2020-02-03,DK,56.2639,9.5018,0,0
2020-02-14,DK,56.2639,9.5018,0,0
2020-02-12,DK,56.2639,9.5018,0,0
2020-03-08,DK,56.2639,9.5018,35,0
2020-03-16,DE,51.0,9.0,7272,17
2020-03-24,DE,51.0,9.0,32986,157
2020-02-29,DE,51.0,9.0,79,0
2020-02-17,DE,51.0,9.0,16,0
2020-02-26,DE,51.0,9.0,27,0
2020-02-03,DE,51.0,9.0,12,0
2020-02-24,DE,51.0,9.0,16,0
2020-02-08,DE,51.0,9.0,13,0
2020-02-12,DE,51.0,9.0,16,0
2020-02-22,DE,51.0,9.0,16,0
2020-02-16,DE,51.0,9.0,16,0
2020-02-14,DE,51.0,9.0,16,0
2020-03-06,DE,51.0,9.0,670,0
2020-03-28,DE,51.0,9.0,57695,433
2020-02-10,DE,51.0,9.0,14,0
2020-01-25,DE,51.0,9.0,0,0
2020-03-14,DE,51.0,9.0,4585,9
2020-03-17,DE,51.0,9.0,9257,24
2020-01-23,DE,51.0,9.0,0,0
2020-03-04,DE,51.0,9.0,262,0
2020-02-05,DE,51.0,9.0,12,0
2020-03-30,DE,51.0,9.0,66885,645
2020-03-21,DE,51.0,9.0,22213,84
2020-02-21,DE,51.0,9.0,16,0
2020-01-31,DE,51.0,9.0,5,0
2020-03-03,DE,51.0,9.0,196,0
2020-02-19,DE,51.0,9.0,16,0
2020-03-02,DE,51.0,9.0,159,0
2020-02-28,DE,51.0,9.0,48,0
2020-03-07,DE,51.0,9.0,799,0
2020-03-09,DE,51.0,9.0,1176,2
2020-03-31,DE,51.0,9.0,71808,775
2020-01-29,DE,51.0,9.0,4,0
2020-03-27,DE,51.0,9.0,50871,342
2020-03-19,DE,51.0,9.0,15320,44
2020-03-20,DE,51.0,9.0,19848,67
2020-03-23,DE,51.0,9.0,29056,123
2020-02-09,DE,51.0,9.0,14,0
2020-02-20,DE,51.0,9.0,16,0
2020-02-07,DE,51.0,9.0,13,0
2020-02-04,DE,51.0,9.0,12,0
2020-02-25,DE,51.0,9.0,17,0
2020-01-30,DE,51.0,9.0,4,0
2020-01-24,DE,51.0,9.0,0,0
2020-02-23,DE,51.0,9.0,16,0
2020-03-05,DE,51.0,9.0,482,0
2020-02-27,DE,51.0,9.0,46,0
2020-01-28,DE,51.0,9.0,4,0
2020-03-26,DE,51.0,9.0,43938,267
2020-01-27,DE,51.0,9.0,1,0
2020-02-13,DE,51.0,9.0,16,0
2020-03-25,DE,51.0,9.0,37323,206
2020-01-22,DE,51.0,9.0,0,0
2020-03-08,DE,51.0,9.0,1040,0
2020-02-01,DE,51.0,9.0,8,0
2020-02-06,DE,51.0,9.0,12,0
2020-03-12,DE,51.0,9.0,2078,3
2020-03-22,DE,51.0,9.0,24873,94
2020-01-26,DE,51.0,9.0,0,0
2020-03-29,DE,51.0,9.0,62095,533
2020-03-13,DE,51.0,9.0,3675,7
2020-03-18,DE,51.0,9.0,12327,28
2020-03-10,DE,51.0,9.0,1457,2
2020-02-02,DE,51.0,9.0,10,0
2020-03-15,DE,51.0,9.0,5795,11
2020-02-18,DE,51.0,9.0,16,0
2020-02-15,DE,51.0,9.0,16,0
2020-03-01,DE,51.0,9.0,130,0
2020-03-11,DE,51.0,9.0,1908,3
2020-02-11,DE,51.0,9.0,16,0
2020-03-14,EL,39.0742,21.8243,228,3
2020-02-15,EL,39.0742,21.8243,0,0
2020-02-05,EL,39.0742,21.8243,0,0
2020-03-26,EL,39.0742,21.8243,892,26
2020-02-22,EL,39.0742,21.8243,0,0
2020-02-12,EL,39.0742,21.8243,0,0
2020-02-18,EL,39.0742,21.8243,0,0
2020-02-07,EL,39.0742,21.8243,0,0
2020-03-11,EL,39.0742,21.8243,99,1
2020-02-08,EL,39.0742,21.8243,0,0
2020-03-16,EL,39.0742,21.8243,331,4
2020-02-26,EL,39.0742,21.8243,1,0
2020-03-06,EL,39.0742,21.8243,45,0
2020-02-20,EL,39.0742,21.8243,0,0
2020-03-01,EL,39.0742,21.8243,7,0
2020-02-17,EL,39.0742,21.8243,0,0
2020-01-27,EL,39.0742,21.8243,0,0
2020-03-29,EL,39.0742,21.8243,1156,38
2020-01-24,EL,39.0742,21.8243,0,0
2020-02-11,EL,39.0742,21.8243,0,0
2020-02-19,EL,39.0742,21.8243,0,0
2020-02-28,EL,39.0742,21.8243,4,0
2020-02-03,EL,39.0742,21.8243,0,0
2020-03-19,EL,39.0742,21.8243,418,6
2020-02-04,EL,39.0742,21.8243,0,0
2020-01-25,EL,39.0742,21.8243,0,0
2020-03-17,EL,39.0742,21.8243,387,5
2020-03-04,EL,39.0742,21.8243,9,0
2020-02-01,EL,39.0742,21.8243,0,0
2020-03-03,EL,39.0742,21.8243,7,0
2020-01-28,EL,39.0742,21.8243,0,0
2020-01-22,EL,39.0742,21.8243,0,0
2020-01-29,EL,39.0742,21.8243,0,0
2020-02-27,EL,39.0742,21.8243,3,0
2020-03-25,EL,39.0742,21.8243,821,22
2020-03-20,EL,39.0742,21.8243,495,6
2020-01-30,EL,39.0742,21.8243,0,0
2020-02-16,EL,39.0742,21.8243,0,0
2020-01-31,EL,39.0742,21.8243,0,0
2020-03-22,EL,39.0742,21.8243,624,15
2020-03-12,EL,39.0742,21.8243,99,1
2020-02-09,EL,39.0742,21.8243,0,0
2020-03-21,EL,39.0742,21.8243,530,13
2020-03-31,EL,39.0742,21.8243,1314,49
2020-03-02,EL,39.0742,21.8243,7,0
2020-02-06,EL,39.0742,21.8243,0,0
2020-03-05,EL,39.0742,21.8243,31,0
2020-02-14,EL,39.0742,21.8243,0,0
2020-02-24,EL,39.0742,21.8243,0,0
2020-02-21,EL,39.0742,21.8243,0,0
2020-01-26,EL,39.0742,21.8243,0,0
2020-03-18,EL,39.0742,21.8243,418,5
2020-03-10,EL,39.0742,21.8243,89,0
2020-02-13,EL,39.0742,21.8243,0,0
2020-03-24,EL,39.0742,21.8243,743,20
2020-03-07,EL,39.0742,21.8243,46,0
2020-03-09,EL,39.0742,21.8243,73,0
2020-03-28,EL,39.0742,21.8243,1061,32
2020-03-27,EL,39.0742,21.8243,966,28
2020-02-23,EL,39.0742,21.8243,0,0
2020-02-10,EL,39.0742,21.8243,0,0
2020-03-30,EL,39.0742,21.8243,1212,43
2020-03-23,EL,39.0742,21.8243,695,17
2020-02-25,EL,39.0742,21.8243,0,0
2020-03-08,EL,39.0742,21.8243,73,0
2020-03-13,EL,39.0742,21.8243,190,1
2020-01-23,EL,39.0742,21.8243,0,0
2020-02-02,EL,39.0742,21.8243,0,0
2020-02-29,EL,39.0742,21.8243,4,0
2020-03-15,EL,39.0742,21.8243,331,4
2020-02-20,ES,40.0,-4.0,2,0
2020-03-27,ES,40.0,-4.0,65719,5138
2020-02-02,ES,40.0,-4.0,1,0
2020-02-12,ES,40.0,-4.0,2,0
2020-03-19,ES,40.0,-4.0,17963,830
2020-03-07,ES,40.0,-4.0,500,10
2020-03-22,ES,40.0,-4.0,28768,1772
2020-01-29,ES,40.0,-4.0,0,0
2020-02-18,ES,40.0,-4.0,2,0
2020-02-29,ES,40.0,-4.0,45,0
2020-02-17,ES,40.0,-4.0,2,0
2020-03-24,ES,40.0,-4.0,39885,2808
2020-03-04,ES,40.0,-4.0,222,2
2020-03-02,ES,40.0,-4.0,120,0
2020-02-01,ES,40.0,-4.0,1,0
2020-01-30,ES,40.0,-4.0,0,0
2020-01-28,ES,40.0,-4.0,0,0
2020-01-26,ES,40.0,-4.0,0,0
2020-02-03,ES,40.0,-4.0,1,0
2020-03-01,ES,40.0,-4.0,84,0
2020-01-27,ES,40.0,-4.0,0,0
2020-02-13,ES,40.0,-4.0,2,0
2020-03-25,ES,40.0,-4.0,49515,3647
2020-03-06,ES,40.0,-4.0,400,5
2020-03-17,ES,40.0,-4.0,11748,533
2020-02-04,ES,40.0,-4.0,1,0
2020-03-20,ES,40.0,-4.0,20410,1043
2020-01-25,ES,40.0,-4.0,0,0
2020-02-19,ES,40.0,-4.0,2,0
2020-03-08,ES,40.0,-4.0,673,17
2020-03-16,ES,40.0,-4.0,9942,342
2020-02-05,ES,40.0,-4.0,1,0
2020-03-09,ES,40.0,-4.0,1073,28
2020-02-21,ES,40.0,-4.0,2,0
2020-02-15,ES,40.0,-4.0,2,0
2020-02-14,ES,40.0,-4.0,2,0
2020-01-22,ES,40.0,-4.0,0,0
2020-02-23,ES,40.0,-4.0,2,0
2020-03-29,ES,40.0,-4.0,80110,6803
2020-03-31,ES,40.0,-4.0,95923,8464
2020-02-27,ES,40.0,-4.0,15,0
2020-02-24,ES,40.0,-4.0,2,0
2020-02-08,ES,40.0,-4.0,1,0
2020-03-13,ES,40.0,-4.0,5232,133
2020-01-24,ES,40.0,-4.0,0,0
2020-03-28,ES,40.0,-4.0,73235,5982
2020-02-22,ES,40.0,-4.0,2,0
2020-03-21,ES,40.0,-4.0,25374,1375
2020-03-10,ES,40.0,-4.0,1695,35
2020-01-23,ES,40.0,-4.0,0,0
2020-03-11,ES,40.0,-4.0,2277,54
2020-02-10,ES,40.0,-4.0,2,0
2020-03-15,ES,40.0,-4.0,7798,289
2020-02-28,ES,40.0,-4.0,32,0
2020-03-03,ES,40.0,-4.0,165,1
2020-03-18,ES,40.0,-4.0,13910,623
2020-03-23,ES,40.0,-4.0,35136,2311
2020-03-26,ES,40.0,-4.0,57786,4365
2020-02-25,ES,40.0,-4.0,6,0
2020-02-16,ES,40.0,-4.0,2,0
2020-02-09,ES,40.0,-4.0,2,0
2020-01-31,ES,40.0,-4.0,0,0
2020-03-05,ES,40.0,-4.0,259,3
2020-03-14,ES,40.0,-4.0,6391,195
2020-02-26,ES,40.0,-4.0,13,0
2020-03-12,ES,40.0,-4.0,2277,55
2020-03-30,ES,40.0,-4.0,87956,7716
2020-02-07,ES,40.0,-4.0,1,0
2020-02-11,ES,40.0,-4.0,2,0
2020-02-06,ES,40.0,-4.0,1,0
2020-02-21,BG,42.7339,25.4858,0,0
2020-03-25,BG,42.7339,25.4858,242,3
2020-03-28,BG,42.7339,25.4858,331,7
2020-02-22,BG,42.7339,25.4858,0,0
2020-02-10,BG,42.7339,25.4858,0,0
2020-02-07,BG,42.7339,25.4858,0,0
2020-02-16,BG,42.7339,25.4858,0,0
2020-02-09,BG,42.7339,25.4858,0,0
2020-02-29,BG,42.7339,25.4858,0,0
2020-03-30,BG,42.7339,25.4858,359,8
2020-03-31,BG,42.7339,25.4858,399,8
2020-01-26,BG,42.7339,25.4858,0,0
2020-03-10,BG,42.7339,25.4858,4,0
2020-03-16,BG,42.7339,25.4858,52,2
2020-03-11,BG,42.7339,25.4858,7,1
2020-03-19,BG,42.7339,25.4858,94,3
2020-01-30,BG,42.7339,25.4858,0,0
2020-02-27,BG,42.7339,25.4858,0,0
2020-03-06,BG,42.7339,25.4858,0,0
2020-03-24,BG,42.7339,25.4858,218,3
2020-03-08,BG,42.7339,25.4858,4,0
2020-03-13,BG,42.7339,25.4858,23,1
2020-03-02,BG,42.7339,25.4858,0,0
2020-02-20,BG,42.7339,25.4858,0,0
2020-03-15,BG,42.7339,25.4858,51,2
2020-02-24,BG,42.7339,25.4858,0,0
2020-03-22,BG,42.7339,25.4858,187,3
2020-03-09,BG,42.7339,25.4858,4,0
2020-02-19,BG,42.7339,25.4858,0,0
2020-02-01,BG,42.7339,25.4858,0,0
2020-03-05,BG,42.7339,25.4858,0,0
2020-03-12,BG,42.7339,25.4858,7,1
2020-03-21,BG,42.7339,25.4858,163,3
2020-01-25,BG,42.7339,25.4858,0,0
2020-02-26,BG,42.7339,25.4858,0,0
2020-01-29,BG,42.7339,25.4858,0,0
2020-02-06,BG,42.7339,25.4858,0,0
2020-03-14,BG,42.7339,25.4858,41,2
2020-03-03,BG,42.7339,25.4858,0,0
2020-02-04,BG,42.7339,25.4858,0,0
2020-02-15,BG,42.7339,25.4858,0,0
2020-01-23,BG,42.7339,25.4858,0,0
2020-03-04,BG,42.7339,25.4858,0,0
2020-03-26,BG,42.7339,25.4858,264,3
2020-01-27,BG,42.7339,25.4858,0,0
2020-02-28,BG,42.7339,25.4858,0,0
2020-03-27,BG,42.7339,25.4858,293,3
2020-02-08,BG,42.7339,25.4858,0,0
2020-03-23,BG,42.7339,25.4858,201,3
2020-02-23,BG,42.7339,25.4858,0,0
2020-02-03,BG,42.7339,25.4858,0,0
2020-01-31,BG,42.7339,25.4858,0,0
2020-03-18,BG,42.7339,25.4858,92,2
2020-02-14,BG,42.7339,25.4858,0,0
2020-03-01,BG,42.7339,25.4858,0,0
2020-01-22,BG,42.7339,25.4858,0,0
2020-02-05,BG,42.7339,25.4858,0,0
2020-02-02,BG,42.7339,25.4858,0,0
2020-01-24,BG,42.7339,25.4858,0,0
2020-02-17,BG,42.7339,25.4858,0,0
2020-02-25,BG,42.7339,25.4858,0,0
2020-02-18,BG,42.7339,25.4858,0,0
2020-03-17,BG,42.7339,25.4858,67,2
2020-02-12,BG,42.7339,25.4858,0,0
2020-03-29,BG,42.7339,25.4858,346,8
2020-01-28,BG,42.7339,25.4858,0,0
2020-02-11,BG,42.7339,25.4858,0,0
2020-03-07,BG,42.7339,25.4858,0,0
2020-03-20,BG,42.7339,25.4858,127,3
2020-02-13,BG,42.7339,25.4858,0,0
2020-03-01,CH,46.8182,8.2275,27,0
2020-03-15,CH,46.8182,8.2275,2200,14
2020-02-14,CH,46.8182,8.2275,0,0
2020-01-22,CH,46.8182,8.2275,0,0
2020-02-26,CH,46.8182,8.2275,1,0
2020-01-25,CH,46.8182,8.2275,0,0
2020-03-13,CH,46.8182,8.2275,1139,11
2020-02-06,CH,46.8182,8.2275,0,0
2020-01-30,CH,46.8182,8.2275,0,0
2020-01-23,CH,46.8182,8.2275,0,0
2020-02-08,CH,46.8182,8.2275,0,0
2020-02-10,CH,46.8182,8.2275,0,0
2020-02-18,CH,46.8182,8.2275,0,0
2020-03-10,CH,46.8182,8.2275,491,3
2020-02-07,CH,46.8182,8.2275,0,0
2020-03-14,CH,46.8182,8.2275,1359,13
2020-03-12,CH,46.8182,8.2275,652,4
2020-03-17,CH,46.8182,8.2275,2700,27
2020-02-04,CH,46.8182,8.2275,0,0
2020-03-24,CH,46.8182,8.2275,9877,122
2020-03-21,CH,46.8182,8.2275,6575,75
2020-02-28,CH,46.8182,8.2275,8,0
2020-03-02,CH,46.8182,8.2275,42,0
2020-03-07,CH,46.8182,8.2275,268,1
2020-02-21,CH,46.8182,8.2275,0,0
2020-03-09,CH,46.8182,8.2275,374,2
2020-02-24,CH,46.8182,8.2275,0,0
2020-02-12,CH,46.8182,8.2275,0,0
2020-03-18,CH,46.8182,8.2275,3028,28
2020-02-05,CH,46.8182,8.2275,0,0
2020-01-28,CH,46.8182,8.2275,0,0
2020-03-22,CH,46.8182,8.2275,7474,98
2020-03-04,CH,46.8182,8.2275,90,0
2020-03-16,CH,46.8182,8.2275,2200,14
2020-03-30,CH,46.8182,8.2275,15922,359
2020-03-27,CH,46.8182,8.2275,12928,231
2020-02-01,CH,46.8182,8.2275,0,0
2020-02-19,CH,46.8182,8.2275,0,0
2020-03-05,CH,46.8182,8.2275,114,1
2020-01-26,CH,46.8182,8.2275,0,0
2020-02-17,CH,46.8182,8.2275,0,0
2020-03-19,CH,46.8182,8.2275,4075,41
2020-03-20,CH,46.8182,8.2275,5294,54
2020-02-29,CH,46.8182,8.2275,18,0
2020-02-16,CH,46.8182,8.2275,0,0
2020-03-28,CH,46.8182,8.2275,14076,264
2020-03-26,CH,46.8182,8.2275,11811,191
2020-03-11,CH,46.8182,8.2275,652,4
2020-02-11,CH,46.8182,8.2275,0,0
2020-02-22,CH,46.8182,8.2275,0,0
2020-02-09,CH,46.8182,8.2275,0,0
2020-02-02,CH,46.8182,8.2275,0,0
2020-01-29,CH,46.8182,8.2275,0,0
2020-02-15,CH,46.8182,8.2275,0,0
2020-01-27,CH,46.8182,8.2275,0,0
2020-02-03,CH,46.8182,8.2275,0,0
2020-02-20,CH,46.8182,8.2275,0,0
2020-02-23,CH,46.8182,8.2275,0,0
2020-01-24,CH,46.8182,8.2275,0,0
2020-03-03,CH,46.8182,8.2275,56,0
2020-02-13,CH,46.8182,8.2275,0,0
2020-03-29,CH,46.8182,8.2275,14829,300
2020-03-31,CH,46.8182,8.2275,16605,433
2020-03-23,CH,46.8182,8.2275,8795,120
2020-01-31,CH,46.8182,8.2275,0,0
2020-02-25,CH,46.8182,8.2275,1,0
2020-03-06,CH,46.8182,8.2275,214,1
2020-02-27,CH,46.8182,8.2275,8,0
2020-03-25,CH,46.8182,8.2275,10897,153
2020-03-08,CH,46.8182,8.2275,337,2
2020-03-28,CY,35.1264,33.4299,179,5
2020-03-31,CY,35.1264,33.4299,262,8
2020-02-23,CY,35.1264,33.4299,0,0
2020-02-13,CY,35.1264,33.4299,0,0
2020-03-22,CY,35.1264,33.4299,95,1
2020-03-13,CY,35.1264,33.4299,14,0
2020-01-29,CY,35.1264,33.4299,0,0
2020-03-24,CY,35.1264,33.4299,124,3
2020-02-11,CY,35.1264,33.4299,0,0
2020-02-01,CY,35.1264,33.4299,0,0
2020-02-20,CY,35.1264,33.4299,0,0
2020-01-24,CY,35.1264,33.4299,0,0
2020-01-26,CY,35.1264,33.4299,0,0
2020-02-10,CY,35.1264,33.4299,0,0
2020-02-28,CY,35.1264,33.4299,0,0
2020-03-20,CY,35.1264,33.4299,67,0
2020-03-18,CY,35.1264,33.4299,49,0
2020-02-09,CY,35.1264,33.4299,0,0
2020-01-30,CY,35.1264,33.4299,0,0
2020-02-24,CY,35.1264,33.4299,0,0
2020-02-21,CY,35.1264,33.4299,0,0
2020-03-23,CY,35.1264,33.4299,116,1
2020-03-21,CY,35.1264,33.4299,84,0
2020-01-31,CY,35.1264,33.4299,0,0
2020-02-07,CY,35.1264,33.4299,0,0
2020-03-08,CY,35.1264,33.4299,0,0
2020-02-06,CY,35.1264,33.4299,0,0
2020-03-09,CY,35.1264,33.4299,2,0
2020-02-18,CY,35.1264,33.4299,0,0
2020-03-02,CY,35.1264,33.4299,0,0
2020-03-05,CY,35.1264,33.4299,0,0
2020-02-02,CY,35.1264,33.4299,0,0
2020-02-05,CY,35.1264,33.4299,0,0
2020-03-30,CY,35.1264,33.4299,230,7
2020-01-23,CY,35.1264,33.4299,0,0
2020-01-25,CY,35.1264,33.4299,0,0
2020-02-19,CY,35.1264,33.4299,0,0
2020-03-29,CY,35.1264,33.4299,214,5
2020-03-10,CY,35.1264,33.4299,3,0
2020-02-29,CY,35.1264,33.4299,0,0
2020-02-03,CY,35.1264,33.4299,0,0
2020-03-19,CY,35.1264,33.4299,67,0
2020-03-14,CY,35.1264,33.4299,26,0
2020-01-28,CY,35.1264,33.4299,0,0
2020-03-04,CY,35.1264,33.4299,0,0
2020-02-12,CY,35.1264,33.4299,0,0
2020-03-11,CY,35.1264,33.4299,6,0
2020-03-25,CY,35.1264,33.4299,132,3
2020-01-22,CY,35.1264,33.4299,0,0
2020-02-14,CY,35.1264,33.4299,0,0
2020-02-17,CY,35.1264,33.4299,0,0
2020-03-06,CY,35.1264,33.4299,0,0
2020-03-27,CY,35.1264,33.4299,162,5
2020-03-17,CY,35.1264,33.4299,46,0
2020-02-16,CY,35.1264,33.4299,0,0
2020-01-27,CY,35.1264,33.4299,0,0
2020-02-08,CY,35.1264,33.4299,0,0
2020-02-25,CY,35.1264,33.4299,0,0
2020-03-01,CY,35.1264,33.4299,0,0
2020-02-04,CY,35.1264,33.4299,0,0
2020-02-26,CY,35.1264,33.4299,0,0
2020-03-03,CY,35.1264,33.4299,0,0
2020-03-15,CY,35.1264,33.4299,26,0
2020-02-15,CY,35.1264,33.4299,0,0
2020-03-12,CY,35.1264,33.4299,6,0
2020-02-22,CY,35.1264,33.4299,0,0
2020-02-27,CY,35.1264,33.4299,0,0
2020-03-26,CY,35.1264,33.4299,146,3
2020-03-16,CY,35.1264,33.4299,33,0
2020-03-07,CY,35.1264,33.4299,0,0
2020-01-23,RO,45.9432,24.9668,0,0
2020-02-29,RO,45.9432,24.9668,3,0
2020-03-27,RO,45.9432,24.9668,1292,26
2020-01-31,RO,45.9432,24.9668,0,0
2020-03-30,RO,45.9432,24.9668,2109,65
2020-03-24,RO,45.9432,24.9668,794,11
2020-02-06,RO,45.9432,24.9668,0,0
2020-03-18,RO,45.9432,24.9668,260,0
2020-03-03,RO,45.9432,24.9668,3,0
2020-03-31,RO,45.9432,24.9668,2245,82
2020-02-16,RO,45.9432,24.9668,0,0
2020-03-28,RO,45.9432,24.9668,1452,37
2020-02-28,RO,45.9432,24.9668,3,0
2020-02-26,RO,45.9432,24.9668,1,0
2020-03-04,RO,45.9432,24.9668,4,0
2020-01-25,RO,45.9432,24.9668,0,0
2020-01-28,RO,45.9432,24.9668,0,0
2020-01-26,RO,45.9432,24.9668,0,0
2020-03-12,RO,45.9432,24.9668,49,0
2020-02-25,RO,45.9432,24.9668,0,0
2020-02-18,RO,45.9432,24.9668,0,0
2020-02-21,RO,45.9432,24.9668,0,0
2020-03-05,RO,45.9432,24.9668,6,0
2020-03-13,RO,45.9432,24.9668,89,0
2020-01-30,RO,45.9432,24.9668,0,0
2020-02-13,RO,45.9432,24.9668,0,0
2020-02-03,RO,45.9432,24.9668,0,0
2020-02-05,RO,45.9432,24.9668,0,0
2020-03-19,RO,45.9432,24.9668,277,0
2020-01-22,RO,45.9432,24.9668,0,0
2020-03-09,RO,45.9432,24.9668,15,0
2020-02-08,RO,45.9432,24.9668,0,0
2020-01-24,RO,45.9432,24.9668,0,0
2020-02-17,RO,45.9432,24.9668,0,0
2020-03-15,RO,45.9432,24.9668,131,0
2020-03-25,RO,45.9432,24.9668,906,17
2020-03-02,RO,45.9432,24.9668,3,0
2020-02-15,RO,45.9432,24.9668,0,0
2020-03-11,RO,45.9432,24.9668,45,0
2020-03-08,RO,45.9432,24.9668,15,0
2020-02-24,RO,45.9432,24.9668,0,0
2020-03-17,RO,45.9432,24.9668,184,0
2020-02-27,RO,45.9432,24.9668,1,0
2020-03-26,RO,45.9432,24.9668,1029,23
2020-01-29,RO,45.9432,24.9668,0,0
2020-03-10,RO,45.9432,24.9668,25,0
2020-03-22,RO,45.9432,24.9668,433,3
2020-02-02,RO,45.9432,24.9668,0,0
2020-03-23,RO,45.9432,24.9668,576,7
2020-02-04,RO,45.9432,24.9668,0,0
2020-02-07,RO,45.9432,24.9668,0,0
2020-03-20,RO,45.9432,24.9668,308,0
2020-03-01,RO,45.9432,24.9668,3,0
2020-02-14,RO,45.9432,24.9668,0,0
2020-03-06,RO,45.9432,24.9668,9,0
2020-03-14,RO,45.9432,24.9668,123,0
2020-02-12,RO,45.9432,24.9668,0,0
2020-02-22,RO,45.9432,24.9668,0,0
2020-03-07,RO,45.9432,24.9668,9,0
2020-02-10,RO,45.9432,24.9668,0,0
2020-03-21,RO,45.9432,24.9668,367,0
2020-02-01,RO,45.9432,24.9668,0,0
2020-03-16,RO,45.9432,24.9668,158,0
2020-02-19,RO,45.9432,24.9668,0,0
2020-02-11,RO,45.9432,24.9668,0,0
2020-03-29,RO,45.9432,24.9668,1815,43
2020-01-27,RO,45.9432,24.9668,0,0
2020-02-23,RO,45.9432,24.9668,0,0
2020-02-20,RO,45.9432,24.9668,0,0
2020-02-09,RO,45.9432,24.9668,0,0
2020-02-27,RS,44.0165,21.0059,0,0
2020-02-11,RS,44.0165,21.0059,0,0
2020-03-10,RS,44.0165,21.0059,5,0
2020-02-05,RS,44.0165,21.0059,0,0
2020-02-14,RS,44.0165,21.0059,0,0
2020-03-19,RS,44.0165,21.0059,103,0
2020-03-14,RS,44.0165,21.0059,46,0
2020-03-22,RS,44.0165,21.0059,222,2
2020-01-22,RS,44.0165,21.0059,0,0
2020-02-21,RS,44.0165,21.0059,0,0
2020-02-08,RS,44.0165,21.0059,0,0
2020-03-31,RS,44.0165,21.0059,900,16
2020-02-02,RS,44.0165,21.0059,0,0
2020-03-09,RS,44.0165,21.0059,1,0
2020-01-25,RS,44.0165,21.0059,0,0
2020-02-12,RS,44.0165,21.0059,0,0
2020-03-26,RS,44.0165,21.0059,384,1
2020-01-23,RS,44.0165,21.0059,0,0
2020-03-23,RS,44.0165,21.0059,249,3
2020-02-07,RS,44.0165,21.0059,0,0
2020-03-18,RS,44.0165,21.0059,83,0
2020-01-27,RS,44.0165,21.0059,0,0
2020-02-26,RS,44.0165,21.0059,0,0
2020-02-16,RS,44.0165,21.0059,0,0
2020-02-19,RS,44.0165,21.0059,0,0
2020-02-13,RS,44.0165,21.0059,0,0
2020-03-08,RS,44.0165,21.0059,1,0
2020-03-29,RS,44.0165,21.0059,741,13
2020-02-29,RS,44.0165,21.0059,0,0
2020-02-03,RS,44.0165,21.0059,0,0
2020-03-02,RS,44.0165,21.0059,0,0
2020-03-05,RS,44.0165,21.0059,0,0
2020-01-24,RS,44.0165,21.0059,0,0
2020-02-04,RS,44.0165,21.0059,0,0
2020-02-24,RS,44.0165,21.0059,0,0
2020-03-25,RS,44.0165,21.0059,384,4
2020-03-06,RS,44.0165,21.0059,1,0
2020-02-09,RS,44.0165,21.0059,0,0
2020-03-28,RS,44.0165,21.0059,659,10
2020-02-15,RS,44.0165,21.0059,0,0
2020-02-01,RS,44.0165,21.0059,0,0
2020-02-17,RS,44.0165,21.0059,0,0
2020-01-28,RS,44.0165,21.0059,0,0
2020-03-07,RS,44.0165,21.0059,1,0
2020-03-20,RS,44.0165,21.0059,135,1
2020-02-20,RS,44.0165,21.0059,0,0
2020-02-10,RS,44.0165,21.0059,0,0
2020-03-11,RS,44.0165,21.0059,12,0
2020-01-29,RS,44.0165,21.0059,0,0
2020-03-13,RS,44.0165,21.0059,35,0
2020-02-25,RS,44.0165,21.0059,0,0
2020-01-31,RS,44.0165,21.0059,0,0
2020-03-12,RS,44.0165,21.0059,19,0
2020-03-21,RS,44.0165,21.0059,171,1
2020-03-04,RS,44.0165,21.0059,0,0
2020-03-27,RS,44.0165,21.0059,457,1
2020-03-16,RS,44.0165,21.0059,55,0
2020-02-22,RS,44.0165,21.0059,0,0
2020-03-15,RS,44.0165,21.0059,48,0
2020-02-18,RS,44.0165,21.0059,0,0
2020-02-28,RS,44.0165,21.0059,0,0
2020-03-30,RS,44.0165,21.0059,785,16
2020-03-01,RS,44.0165,21.0059,0,0
2020-03-24,RS,44.0165,21.0059,303,3
2020-01-30,RS,44.0165,21.0059,0,0
2020-02-23,RS,44.0165,21.0059,0,0
2020-03-03,RS,44.0165,21.0059,0,0
2020-01-26,RS,44.0165,21.0059,0,0
2020-03-17,RS,44.0165,21.0059,65,0
2020-02-06,RS,44.0165,21.0059,0,0
2020-01-29,CZ,49.8175,15.473,0,0
2020-03-29,CZ,49.8175,15.473,2817,16
2020-03-01,CZ,49.8175,15.473,3,0
2020-01-24,CZ,49.8175,15.473,0,0
2020-02-13,CZ,49.8175,15.473,0,0
2020-03-17,CZ,49.8175,15.473,396,0
2020-03-16,CZ,49.8175,15.473,298,0
2020-02-07,CZ,49.8175,15.473,0,0
2020-03-03,CZ,49.8175,15.473,5,0
2020-02-06,CZ,49.8175,15.473,0,0
2020-03-10,CZ,49.8175,15.473,41,0
2020-03-11,CZ,49.8175,15.473,91,0
2020-03-24,CZ,49.8175,15.473,1394,3
2020-03-26,CZ,49.8175,15.473,1925,9
2020-02-16,CZ,49.8175,15.473,0,0
2020-02-14,CZ,49.8175,15.473,0,0
2020-01-30,CZ,49.8175,15.473,0,0
2020-02-21,CZ,49.8175,15.473,0,0
2020-03-08,CZ,49.8175,15.473,31,0
2020-02-09,CZ,49.8175,15.473,0,0
2020-01-23,CZ,49.8175,15.473,0,0
2020-03-14,CZ,49.8175,15.473,189,0
2020-02-23,CZ,49.8175,15.473,0,0
2020-02-22,CZ,49.8175,15.473,0,0
2020-01-31,CZ,49.8175,15.473,0,0
2020-03-15,CZ,49.8175,15.473,253,0
2020-02-10,CZ,49.8175,15.473,0,0
2020-02-08,CZ,49.8175,15.473,0,0
2020-02-20,CZ,49.8175,15.473,0,0
2020-03-02,CZ,49.8175,15.473,3,0
2020-02-19,CZ,49.8175,15.473,0,0
2020-02-29,CZ,49.8175,15.473,0,0
2020-02-18,CZ,49.8175,15.473,0,0
2020-03-28,CZ,49.8175,15.473,2631,11
2020-03-20,CZ,49.8175,15.473,833,0
2020-03-04,CZ,49.8175,15.473,8,0
2020-01-28,CZ,49.8175,15.473,0,0
2020-03-09,CZ,49.8175,15.473,31,0
2020-03-05,CZ,49.8175,15.473,12,0
2020-01-25,CZ,49.8175,15.473,0,0
2020-01-27,CZ,49.8175,15.473,0,0
2020-02-11,CZ,49.8175,15.473,0,0
2020-03-13,CZ,49.8175,15.473,141,0
2020-03-06,CZ,49.8175,15.473,18,0
2020-02-27,CZ,49.8175,15.473,0,0
2020-03-21,CZ,49.8175,15.473,995,0
2020-01-26,CZ,49.8175,15.473,0,0
2020-02-24,CZ,49.8175,15.473,0,0
2020-02-02,CZ,49.8175,15.473,0,0
2020-03-07,CZ,49.8175,15.473,19,0
2020-03-18,CZ,49.8175,15.473,464,0
2020-02-05,CZ,49.8175,15.473,0,0
2020-02-17,CZ,49.8175,15.473,0,0
2020-03-25,CZ,49.8175,15.473,1654,6
2020-03-27,CZ,49.8175,15.473,2279,9
2020-01-22,CZ,49.8175,15.473,0,0
2020-03-12,CZ,49.8175,15.473,94,0
2020-02-04,CZ,49.8175,15.473,0,0
2020-02-01,CZ,49.8175,15.473,0,0
2020-02-12,CZ,49.8175,15.473,0,0
2020-02-25,CZ,49.8175,15.473,0,0
2020-02-28,CZ,49.8175,15.473,0,0
2020-03-31,CZ,49.8175,15.473,3308,31
2020-03-23,CZ,49.8175,15.473,1236,1
2020-02-03,CZ,49.8175,15.473,0,0
2020-02-26,CZ,49.8175,15.473,0,0
2020-03-30,CZ,49.8175,15.473,3001,23
2020-02-15,CZ,49.8175,15.473,0,0
2020-03-19,CZ,49.8175,15.473,694,0
2020-03-22,CZ,49.8175,15.473,1120,1
2020-02-03,EE,58.5953,25.0136,0,0
2020-03-16,EE,58.5953,25.0136,205,0
2020-03-04,EE,58.5953,25.0136,2,0
2020-02-20,EE,58.5953,25.0136,0,0
2020-02-26,EE,58.5953,25.0136,0,0
2020-03-10,EE,58.5953,25.0136,12,0
2020-02-24,EE,58.5953,25.0136,0,0
2020-03-11,EE,58.5953,25.0136,16,0
2020-03-17,EE,58.5953,25.0136,225,0
2020-03-05,EE,58.5953,25.0136,3,0
2020-02-11,EE,58.5953,25.0136,0,0
2020-02-16,EE,58.5953,25.0136,0,0
2020-02-21,EE,58.5953,25.0136,0,0
2020-03-19,EE,58.5953,25.0136,267,0
2020-02-19,EE,58.5953,25.0136,0,0
2020-02-18,EE,58.5953,25.0136,0,0
2020-02-01,EE,58.5953,25.0136,0,0
2020-02-17,EE,58.5953,25.0136,0,0
2020-03-06,EE,58.5953,25.0136,10,0
2020-02-25,EE,58.5953,25.0136,0,0
2020-01-25,EE,58.5953,25.0136,0,0
2020-01-24,EE,58.5953,25.0136,0,0
2020-02-07,EE,58.5953,25.0136,0,0
2020-03-14,EE,58.5953,25.0136,115,0
2020-03-29,EE,58.5953,25.0136,679,3
2020-02-05,EE,58.5953,25.0136,0,0
2020-03-12,EE,58.5953,25.0136,16,0
2020-02-29,EE,58.5953,25.0136,1,0
2020-03-25,EE,58.5953,25.0136,404,1
2020-01-22,EE,58.5953,25.0136,0,0
2020-03-26,EE,58.5953,25.0136,538,1
2020-01-31,EE,58.5953,25.0136,0,0
2020-01-27,EE,58.5953,25.0136,0,0
2020-03-22,EE,58.5953,25.0136,326,0
2020-03-01,EE,58.5953,25.0136,1,0
2020-03-23,EE,58.5953,25.0136,352,0
2020-03-15,EE,58.5953,25.0136,171,0
2020-02-15,EE,58.5953,25.0136,0,0
2020-03-09,EE,58.5953,25.0136,10,0
2020-01-23,EE,58.5953,25.0136,0,0
2020-02-28,EE,58.5953,25.0136,1,0
2020-02-02,EE,58.5953,25.0136,0,0
2020-03-24,EE,58.5953,25.0136,369,0
2020-02-12,EE,58.5953,25.0136,0,0
2020-03-03,EE,58.5953,25.0136,2,0
2020-03-27,EE,58.5953,25.0136,575,1
2020-03-07,EE,58.5953,25.0136,10,0
2020-03-20,EE,58.5953,25.0136,283,0
2020-02-23,EE,58.5953,25.0136,0,0
2020-02-14,EE,58.5953,25.0136,0,0
2020-02-04,EE,58.5953,25.0136,0,0
2020-03-30,EE,58.5953,25.0136,715,3
2020-02-27,EE,58.5953,25.0136,1,0
2020-02-06,EE,58.5953,25.0136,0,0
2020-03-31,EE,58.5953,25.0136,745,4
2020-02-09,EE,58.5953,25.0136,0,0
2020-03-21,EE,58.5953,25.0136,306,0
2020-01-28,EE,58.5953,25.0136,0,0
2020-02-22,EE,58.5953,25.0136,0,0
2020-01-30,EE,58.5953,25.0136,0,0
2020-03-08,EE,58.5953,25.0136,10,0
2020-03-02,EE,58.5953,25.0136,1,0
2020-03-18,EE,58.5953,25.0136,258,0
2020-02-13,EE,58.5953,25.0136,0,0
2020-01-29,EE,58.5953,25.0136,0,0
2020-03-28,EE,58.5953,25.0136,645,1
2020-01-26,EE,58.5953,25.0136,0,0
2020-03-13,EE,58.5953,25.0136,79,0
2020-02-08,EE,58.5953,25.0136,0,0
2020-02-10,EE,58.5953,25.0136,0,0
2020-03-13,HU,47.1625,19.5033,19,0
2020-02-23,HU,47.1625,19.5033,0,0
2020-02-07,HU,47.1625,19.5033,0,0
2020-01-29,HU,47.1625,19.5033,0,0
2020-02-19,HU,47.1625,19.5033,0,0
2020-03-10,HU,47.1625,19.5033,9,0
2020-02-20,HU,47.1625,19.5033,0,0
2020-02-22,HU,47.1625,19.5033,0,0
2020-01-26,HU,47.1625,19.5033,0,0
2020-02-13,HU,47.1625,19.5033,0,0
2020-01-25,HU,47.1625,19.5033,0,0
2020-02-29,HU,47.1625,19.5033,0,0
2020-02-06,HU,47.1625,19.5033,0,0
2020-02-25,HU,47.1625,19.5033,0,0
2020-02-02,HU,47.1625,19.5033,0,0
2020-03-07,HU,47.1625,19.5033,4,0
2020-02-14,HU,47.1625,19.5033,0,0
2020-02-11,HU,47.1625,19.5033,0,0
2020-01-24,HU,47.1625,19.5033,0,0
2020-01-22,HU,47.1625,19.5033,0,0
2020-02-21,HU,47.1625,19.5033,0,0
2020-02-09,HU,47.1625,19.5033,0,0
2020-02-04,HU,47.1625,19.5033,0,0
2020-03-08,HU,47.1625,19.5033,7,0
2020-02-15,HU,47.1625,19.5033,0,0
2020-02-12,HU,47.1625,19.5033,0,0
2020-03-05,HU,47.1625,19.5033,2,0
2020-02-28,HU,47.1625,19.5033,0,0
2020-03-16,HU,47.1625,19.5033,39,1
2020-03-29,HU,47.1625,19.5033,408,13
2020-03-24,HU,47.1625,19.5033,187,9
2020-03-28,HU,47.1625,19.5033,343,11
2020-02-03,HU,47.1625,19.5033,0,0
2020-03-23,HU,47.1625,19.5033,167,7
2020-03-27,HU,47.1625,19.5033,300,10
2020-03-25,HU,47.1625,19.5033,226,10
2020-01-27,HU,47.1625,19.5033,0,0
2020-03-11,HU,47.1625,19.5033,13,0
2020-03-20,HU,47.1625,19.5033,85,3
2020-02-16,HU,47.1625,19.5033,0,0
2020-03-30,HU,47.1625,19.5033,447,15
2020-02-05,HU,47.1625,19.5033,0,0
2020-02-26,HU,47.1625,19.5033,0,0
2020-03-18,HU,47.1625,19.5033,58,1
2020-02-08,HU,47.1625,19.5033,0,0
2020-03-04,HU,47.1625,19.5033,2,0
2020-01-31,HU,47.1625,19.5033,0,0
2020-03-22,HU,47.1625,19.5033,131,6
2020-03-09,HU,47.1625,19.5033,9,0
2020-01-30,HU,47.1625,19.5033,0,0
2020-02-17,HU,47.1625,19.5033,0,0
2020-03-02,HU,47.1625,19.5033,0,0
2020-02-27,HU,47.1625,19.5033,0,0
2020-03-12,HU,47.1625,19.5033,13,0
2020-03-03,HU,47.1625,19.5033,0,0
2020-02-18,HU,47.1625,19.5033,0,0
2020-03-19,HU,47.1625,19.5033,73,1
2020-03-31,HU,47.1625,19.5033,492,16
2020-03-15,HU,47.1625,19.5033,32,1
2020-03-14,HU,47.1625,19.5033,30,0
2020-03-26,HU,47.1625,19.5033,261,10
2020-03-17,HU,47.1625,19.5033,50,1
2020-03-21,HU,47.1625,19.5033,103,4
2020-02-24,HU,47.1625,19.5033,0,0
2020-01-28,HU,47.1625,19.5033,0,0
2020-02-10,HU,47.1625,19.5033,0,0
2020-03-06,HU,47.1625,19.5033,2,0
2020-01-23,HU,47.1625,19.5033,0,0
2020-02-01,HU,47.1625,19.5033,0,0
2020-03-01,HU,47.1625,19.5033,0,0
2020-01-28,HR,45.1,15.2,0,0
2020-03-04,HR,45.1,15.2,10,0
2020-03-16,HR,45.1,15.2,57,0
2020-02-01,HR,45.1,15.2,0,0
2020-03-02,HR,45.1,15.2,7,0
2020-03-15,HR,45.1,15.2,49,0
2020-02-23,HR,45.1,15.2,0,0
2020-01-22,HR,45.1,15.2,0,0
2020-02-11,HR,45.1,15.2,0,0
2020-03-06,HR,45.1,15.2,11,0
2020-03-05,HR,45.1,15.2,10,0
2020-02-24,HR,45.1,15.2,0,0
2020-02-28,HR,45.1,15.2,5,0
2020-01-25,HR,45.1,15.2,0,0
2020-03-01,HR,45.1,15.2,7,0
2020-02-16,HR,45.1,15.2,0,0
2020-01-26,HR,45.1,15.2,0,0
2020-02-21,HR,45.1,15.2,0,0
2020-02-05,HR,45.1,15.2,0,0
2020-03-21,HR,45.1,15.2,206,1
2020-02-22,HR,45.1,15.2,0,0
2020-01-24,HR,45.1,15.2,0,0
2020-02-10,HR,45.1,15.2,0,0
2020-01-29,HR,45.1,15.2,0,0
2020-03-10,HR,45.1,15.2,14,0
2020-03-23,HR,45.1,15.2,315,1
2020-01-30,HR,45.1,15.2,0,0
2020-02-06,HR,45.1,15.2,0,0
2020-02-03,HR,45.1,15.2,0,0
2020-02-12,HR,45.1,15.2,0,0
2020-02-29,HR,45.1,15.2,6,0
2020-03-12,HR,45.1,15.2,19,0
2020-03-31,HR,45.1,15.2,867,6
2020-02-02,HR,45.1,15.2,0,0
2020-03-17,HR,45.1,15.2,65,0
2020-03-25,HR,45.1,15.2,442,1
2020-01-27,HR,45.1,15.2,0,0
2020-02-19,HR,45.1,15.2,0,0
2020-03-19,HR,45.1,15.2,105,1
2020-02-08,HR,45.1,15.2,0,0
2020-01-31,HR,45.1,15.2,0,0
2020-03-08,HR,45.1,15.2,12,0
2020-02-09,HR,45.1,15.2,0,0
2020-03-13,HR,45.1,15.2,32,0
2020-03-24,HR,45.1,15.2,382,1
2020-01-23,HR,45.1,15.2,0,0
2020-03-14,HR,45.1,15.2,38,0
2020-03-09,HR,45.1,15.2,12,0
2020-02-20,HR,45.1,15.2,0,0
2020-03-20,HR,45.1,15.2,128,1
2020-02-13,HR,45.1,15.2,0,0
2020-02-07,HR,45.1,15.2,0,0
2020-03-30,HR,45.1,15.2,790,6
2020-03-18,HR,45.1,15.2,81,0
2020-03-27,HR,45.1,15.2,586,3
2020-02-26,HR,45.1,15.2,3,0
2020-03-07,HR,45.1,15.2,12,0
2020-03-29,HR,45.1,15.2,713,6
2020-02-27,HR,45.1,15.2,3,0
2020-02-25,HR,45.1,15.2,1,0
2020-02-04,HR,45.1,15.2,0,0
2020-02-17,HR,45.1,15.2,0,0
2020-02-15,HR,45.1,15.2,0,0
2020-03-26,HR,45.1,15.2,495,3
2020-03-22,HR,45.1,15.2,254,1
2020-03-03,HR,45.1,15.2,9,0
2020-03-28,HR,45.1,15.2,657,5
2020-03-11,HR,45.1,15.2,19,0
2020-02-14,HR,45.1,15.2,0,0
2020-02-18,HR,45.1,15.2,0,0
2020-03-19,SI,46.1512,14.9955,286,1
2020-03-30,SI,46.1512,14.9955,756,11
2020-02-18,SI,46.1512,14.9955,0,0
2020-03-04,SI,46.1512,14.9955,0,0
2020-03-22,SI,46.1512,14.9955,414,2
2020-01-29,SI,46.1512,14.9955,0,0
2020-02-01,SI,46.1512,14.9955,0,0
2020-02-02,SI,46.1512,14.9955,0,0
2020-02-17,SI,46.1512,14.9955,0,0
2020-02-22,SI,46.1512,14.9955,0,0
2020-02-06,SI,46.1512,14.9955,0,0
2020-03-28,SI,46.1512,14.9955,684,9
2020-02-11,SI,46.1512,14.9955,0,0
2020-02-24,SI,46.1512,14.9955,0,0
2020-02-09,SI,46.1512,14.9955,0,0
2020-03-20,SI,46.1512,14.9955,341,1
2020-03-10,SI,46.1512,14.9955,31,0
2020-03-13,SI,46.1512,14.9955,141,0
2020-02-15,SI,46.1512,14.9955,0,0
2020-01-24,SI,46.1512,14.9955,0,0
2020-03-23,SI,46.1512,14.9955,442,3
2020-01-31,SI,46.1512,14.9955,0,0
2020-02-07,SI,46.1512,14.9955,0,0
2020-03-31,SI,46.1512,14.9955,802,15
2020-02-25,SI,46.1512,14.9955,0,0
2020-01-25,SI,46.1512,14.9955,0,0
2020-02-16,SI,46.1512,14.9955,0,0
2020-03-15,SI,46.1512,14.9955,219,1
2020-02-23,SI,46.1512,14.9955,0,0
2020-03-29,SI,46.1512,14.9955,730,11
2020-03-21,SI,46.1512,14.9955,383,1
2020-02-13,SI,46.1512,14.9955,0,0
2020-03-06,SI,46.1512,14.9955,7,0
2020-02-26,SI,46.1512,14.9955,0,0
2020-02-08,SI,46.1512,14.9955,0,0
2020-02-14,SI,46.1512,14.9955,0,0
2020-03-01,SI,46.1512,14.9955,0,0
2020-02-21,SI,46.1512,14.9955,0,0
2020-01-26,SI,46.1512,14.9955,0,0
2020-01-28,SI,46.1512,14.9955,0,0
2020-02-03,SI,46.1512,14.9955,0,0
2020-01-27,SI,46.1512,14.9955,0,0
2020-02-05,SI,46.1512,14.9955,0,0
2020-03-16,SI,46.1512,14.9955,253,1
2020-03-09,SI,46.1512,14.9955,16,0
2020-03-24,SI,46.1512,14.9955,480,4
2020-03-27,SI,46.1512,14.9955,632,9
2020-03-17,SI,46.1512,14.9955,275,1
2020-03-02,SI,46.1512,14.9955,0,0
2020-02-19,SI,46.1512,14.9955,0,0
2020-02-12,SI,46.1512,14.9955,0,0
2020-03-18,SI,46.1512,14.9955,275,1
2020-03-08,SI,46.1512,14.9955,16,0
2020-03-14,SI,46.1512,14.9955,181,1
2020-01-22,SI,46.1512,14.9955,0,0
2020-01-23,SI,46.1512,14.9955,0,0
2020-03-11,SI,46.1512,14.9955,57,0
2020-02-10,SI,46.1512,14.9955,0,0
2020-03-03,SI,46.1512,14.9955,0,0
2020-01-30,SI,46.1512,14.9955,0,0
2020-02-28,SI,46.1512,14.9955,0,0
2020-03-05,SI,46.1512,14.9955,2,0
2020-02-27,SI,46.1512,14.9955,0,0
2020-03-12,SI,46.1512,14.9955,89,0
2020-03-07,SI,46.1512,14.9955,7,0
2020-02-04,SI,46.1512,14.9955,0,0
2020-03-26,SI,46.1512,14.9955,562,6
2020-02-29,SI,46.1512,14.9955,0,0
2020-03-25,SI,46.1512,14.9955,528,5
2020-02-20,SI,46.1512,14.9955,0,0
2020-03-27,SK,48.669,19.699,269,0
2020-02-13,SK,48.669,19.699,0,0
2020-02-04,SK,48.669,19.699,0,0
2020-03-16,SK,48.669,19.699,63,0
2020-01-25,SK,48.669,19.699,0,0
2020-02-24,SK,48.669,19.699,0,0
2020-03-04,SK,48.669,19.699,0,0
2020-03-17,SK,48.669,19.699,72,0
2020-02-14,SK,48.669,19.699,0,0
2020-03-21,SK,48.669,19.699,178,1
2020-03-19,SK,48.669,19.699,123,1
2020-02-28,SK,48.669,19.699,0,0
2020-03-24,SK,48.669,19.699,204,0
2020-03-28,SK,48.669,19.699,292,0
2020-03-22,SK,48.669,19.699,185,0
2020-02-16,SK,48.669,19.699,0,0
2020-02-01,SK,48.669,19.699,0,0
2020-02-05,SK,48.669,19.699,0,0
2020-02-21,SK,48.669,19.699,0,0
2020-01-27,SK,48.669,19.699,0,0
2020-01-29,SK,48.669,19.699,0,0
2020-02-25,SK,48.669,19.699,0,0
2020-03-09,SK,48.669,19.699,3,0
2020-02-17,SK,48.669,19.699,0,0
2020-02-20,SK,48.669,19.699,0,0
2020-03-08,SK,48.669,19.699,3,0
2020-03-31,SK,48.669,19.699,363,0
2020-02-08,SK,48.669,19.699,0,0
2020-02-22,SK,48.669,19.699,0,0
2020-02-26,SK,48.669,19.699,0,0
2020-02-18,SK,48.669,19.699,0,0
2020-02-06,SK,48.669,19.699,0,0
2020-03-26,SK,48.669,19.699,226,0
2020-01-26,SK,48.669,19.699,0,0
2020-02-02,SK,48.669,19.699,0,0
2020-03-30,SK,48.669,19.699,336,0
2020-03-10,SK,48.669,19.699,7,0
2020-03-12,SK,48.669,19.699,16,0
2020-03-05,SK,48.669,19.699,0,0
2020-01-28,SK,48.669,19.699,0,0
2020-02-29,SK,48.669,19.699,0,0
2020-03-11,SK,48.669,19.699,10,0
2020-03-01,SK,48.669,19.699,0,0
2020-02-12,SK,48.669,19.699,0,0
2020-01-31,SK,48.669,19.699,0,0
2020-03-07,SK,48.669,19.699,1,0
2020-03-02,SK,48.669,19.699,0,0
2020-02-19,SK,48.669,19.699,0,0
2020-03-20,SK,48.669,19.699,137,1
2020-03-15,SK,48.669,19.699,54,0
2020-01-23,SK,48.669,19.699,0,0
2020-03-18,SK,48.669,19.699,105,1
2020-03-13,SK,48.669,19.699,32,0
2020-02-10,SK,48.669,19.699,0,0
2020-02-15,SK,48.669,19.699,0,0
2020-02-11,SK,48.669,19.699,0,0
2020-01-30,SK,48.669,19.699,0,0
2020-03-03,SK,48.669,19.699,0,0
2020-03-06,SK,48.669,19.699,1,0
2020-01-22,SK,48.669,19.699,0,0
2020-02-03,SK,48.669,19.699,0,0
2020-01-24,SK,48.669,19.699,0,0
2020-03-14,SK,48.669,19.699,44,0
2020-02-09,SK,48.669,19.699,0,0
2020-02-27,SK,48.669,19.699,0,0
2020-03-25,SK,48.669,19.699,216,0
2020-03-29,SK,48.669,19.699,314,0
2020-02-23,SK,48.669,19.699,0,0
2020-03-23,SK,48.669,19.699,186,0
2020-02-07,SK,48.669,19.699,0,0
2020-02-01,SE,63.0,16.0,1,0
2020-03-09,SE,63.0,16.0,248,0
2020-02-21,SE,63.0,16.0,1,0
2020-02-17,SE,63.0,16.0,1,0
2020-02-09,SE,63.0,16.0,1,0
2020-03-31,SE,63.0,16.0,4435,180
2020-02-05,SE,63.0,16.0,1,0
2020-02-25,SE,63.0,16.0,1,0
2020-03-21,SE,63.0,16.0,1763,20
2020-03-17,SE,63.0,16.0,1190,7
2020-02-26,SE,63.0,16.0,2,0
2020-03-24,SE,63.0,16.0,2286,36
2020-02-18,SE,63.0,16.0,1,0
2020-03-27,SE,63.0,16.0,3069,105
2020-03-18,SE,63.0,16.0,1279,10
2020-01-28,SE,63.0,16.0,0,0
2020-01-23,SE,63.0,16.0,0,0
2020-02-08,SE,63.0,16.0,1,0
2020-03-25,SE,63.0,16.0,2526,62
2020-02-24,SE,63.0,16.0,1,0
2020-01-29,SE,63.0,16.0,0,0
2020-02-27,SE,63.0,16.0,7,0
2020-03-13,SE,63.0,16.0,814,1
2020-03-07,SE,63.0,16.0,161,0
2020-02-22,SE,63.0,16.0,1,0
2020-03-06,SE,63.0,16.0,101,0
2020-03-19,SE,63.0,16.0,1439,11
2020-02-02,SE,63.0,16.0,1,0
2020-01-22,SE,63.0,16.0,0,0
2020-03-29,SE,63.0,16.0,3700,110
2020-03-04,SE,63.0,16.0,35,0
2020-02-07,SE,63.0,16.0,1,0
2020-03-01,SE,63.0,16.0,14,0
2020-01-25,SE,63.0,16.0,0,0
2020-03-14,SE,63.0,16.0,961,2
2020-02-10,SE,63.0,16.0,1,0
2020-02-12,SE,63.0,16.0,1,0
2020-02-11,SE,63.0,16.0,1,0
2020-02-13,SE,63.0,16.0,1,0
2020-03-30,SE,63.0,16.0,4028,146
2020-01-26,SE,63.0,16.0,0,0
2020-03-23,SE,63.0,16.0,2046,25
2020-02-23,SE,63.0,16.0,1,0
2020-01-31,SE,63.0,16.0,1,0
2020-03-22,SE,63.0,16.0,1934,21
2020-02-29,SE,63.0,16.0,12,0
2020-02-14,SE,63.0,16.0,1,0
2020-03-05,SE,63.0,16.0,94,0
2020-02-06,SE,63.0,16.0,1,0
2020-03-02,SE,63.0,16.0,15,0
2020-02-04,SE,63.0,16.0,1,0
2020-03-28,SE,63.0,16.0,3447,105
2020-02-15,SE,63.0,16.0,1,0
2020-03-03,SE,63.0,16.0,21,0
2020-03-16,SE,63.0,16.0,1103,6
2020-01-30,SE,63.0,16.0,0,0
2020-03-15,SE,63.0,16.0,1022,3
2020-03-08,SE,63.0,16.0,203,0
2020-03-10,SE,63.0,16.0,355,0
2020-03-20,SE,63.0,16.0,1639,16
2020-02-28,SE,63.0,16.0,7,0
2020-03-26,SE,63.0,16.0,2840,77
2020-03-11,SE,63.0,16.0,500,1
2020-02-03,SE,63.0,16.0,1,0
2020-03-12,SE,63.0,16.0,599,1
2020-01-27,SE,63.0,16.0,0,0
2020-02-16,SE,63.0,16.0,1,0
2020-01-24,SE,63.0,16.0,0,0
2020-02-20,SE,63.0,16.0,1,0
2020-02-19,SE,63.0,16.0,1,0
2020-03-06,IT,43.0,12.0,4636,197
2020-02-11,IT,43.0,12.0,3,0
2020-01-26,IT,43.0,12.0,0,0
2020-03-04,IT,43.0,12.0,3089,107
2020-01-23,IT,43.0,12.0,0,0
2020-02-19,IT,43.0,12.0,3,0
2020-03-17,IT,43.0,12.0,31506,2503
2020-03-14,IT,43.0,12.0,21157,1441
2020-02-10,IT,43.0,12.0,3,0
2020-03-30,IT,43.0,12.0,101739,11591
2020-02-29,IT,43.0,12.0,1128,29
2020-02-18,IT,43.0,12.0,3,0
2020-03-25,IT,43.0,12.0,74386,7503
2020-03-11,IT,43.0,12.0,12462,827
2020-03-26,IT,43.0,12.0,80589,8215
2020-02-21,IT,43.0,12.0,20,1
2020-03-20,IT,43.0,12.0,47021,4032
2020-03-03,IT,43.0,12.0,2502,79
2020-01-30,IT,43.0,12.0,0,0
2020-02-24,IT,43.0,12.0,229,7
2020-03-22,IT,43.0,12.0,59138,5476
2020-02-27,IT,43.0,12.0,655,17
2020-03-28,IT,43.0,12.0,92472,10023
2020-02-01,IT,43.0,12.0,2,0
2020-03-18,IT,43.0,12.0,35713,2978
2020-02-13,IT,43.0,12.0,3,0
2020-01-27,IT,43.0,12.0,0,0
2020-01-28,IT,43.0,12.0,0,0
2020-03-12,IT,43.0,12.0,12462,827
2020-03-01,IT,43.0,12.0,1694,34
2020-03-27,IT,43.0,12.0,86498,9134
2020-02-22,IT,43.0,12.0,62,2
2020-03-10,IT,43.0,12.0,10149,631
2020-03-02,IT,43.0,12.0,2036,52
2020-03-09,IT,43.0,12.0,9172,463
2020-03-15,IT,43.0,12.0,24747,1809
2020-02-09,IT,43.0,12.0,3,0
2020-01-24,IT,43.0,12.0,0,0
2020-03-19,IT,43.0,12.0,41035,3405
2020-02-20,IT,43.0,12.0,3,0
2020-03-24,IT,43.0,12.0,69176,6820
2020-02-12,IT,43.0,12.0,3,0
2020-02-15,IT,43.0,12.0,3,0
2020-02-04,IT,43.0,12.0,2,0
2020-03-16,IT,43.0,12.0,27980,2158
2020-02-28,IT,43.0,12.0,888,21
2020-03-05,IT,43.0,12.0,3858,148
2020-02-25,IT,43.0,12.0,322,10
2020-03-23,IT,43.0,12.0,63927,6077
2020-01-25,IT,43.0,12.0,0,0
2020-02-06,IT,43.0,12.0,2,0
2020-01-31,IT,43.0,12.0,2,0
2020-01-22,IT,43.0,12.0,0,0
2020-02-16,IT,43.0,12.0,3,0
2020-02-05,IT,43.0,12.0,2,0
2020-03-13,IT,43.0,12.0,17660,1266
2020-02-17,IT,43.0,12.0,3,0
2020-02-14,IT,43.0,12.0,3,0
2020-02-03,IT,43.0,12.0,2,0
2020-02-08,IT,43.0,12.0,3,0
2020-02-26,IT,43.0,12.0,453,12
2020-02-02,IT,43.0,12.0,2,0
2020-03-07,IT,43.0,12.0,5883,233
2020-01-29,IT,43.0,12.0,0,0
2020-03-31,IT,43.0,12.0,105792,12428
2020-03-08,IT,43.0,12.0,7375,366
2020-03-21,IT,43.0,12.0,53578,4825
2020-02-07,IT,43.0,12.0,3,0
2020-03-29,IT,43.0,12.0,97689,10779
2020-02-23,IT,43.0,12.0,155,3
2020-03-29,TR,38.9637,35.2433,9217,131
2020-03-06,TR,38.9637,35.2433,0,0
2020-03-20,TR,38.9637,35.2433,359,4
2020-03-11,TR,38.9637,35.2433,1,0
2020-01-22,TR,38.9637,35.2433,0,0
2020-03-31,TR,38.9637,35.2433,13531,214
2020-03-22,TR,38.9637,35.2433,1236,30
2020-02-15,TR,38.9637,35.2433,0,0
2020-02-02,TR,38.9637,35.2433,0,0
2020-02-26,TR,38.9637,35.2433,0,0
2020-03-01,TR,38.9637,35.2433,0,0
2020-02-10,TR,38.9637,35.2433,0,0
2020-03-19,TR,38.9637,35.2433,192,3
2020-02-18,TR,38.9637,35.2433,0,0
2020-03-08,TR,38.9637,35.2433,0,0
2020-02-27,TR,38.9637,35.2433,0,0
2020-02-19,TR,38.9637,35.2433,0,0
2020-02-20,TR,38.9637,35.2433,0,0
2020-02-13,TR,38.9637,35.2433,0,0
2020-02-24,TR,38.9637,35.2433,0,0
2020-02-01,TR,38.9637,35.2433,0,0
2020-02-07,TR,38.9637,35.2433,0,0
2020-03-14,TR,38.9637,35.2433,5,0
2020-03-04,TR,38.9637,35.2433,0,0
2020-03-12,TR,38.9637,35.2433,1,0
2020-02-17,TR,38.9637,35.2433,0,0
2020-01-28,TR,38.9637,35.2433,0,0
2020-03-21,TR,38.9637,35.2433,670,9
2020-03-28,TR,38.9637,35.2433,7402,108
2020-03-30,TR,38.9637,35.2433,10827,168
2020-03-09,TR,38.9637,35.2433,0,0
2020-01-30,TR,38.9637,35.2433,0,0
2020-03-24,TR,38.9637,35.2433,1872,44
2020-03-15,TR,38.9637,35.2433,6,0
2020-02-28,TR,38.9637,35.2433,0,0
2020-02-29,TR,38.9637,35.2433,0,0
2020-02-09,TR,38.9637,35.2433,0,0
2020-03-25,TR,38.9637,35.2433,2433,59
2020-02-16,TR,38.9637,35.2433,0,0
2020-02-11,TR,38.9637,35.2433,0,0
2020-03-18,TR,38.9637,35.2433,98,1
2020-03-17,TR,38.9637,35.2433,47,1
2020-02-04,TR,38.9637,35.2433,0,0
2020-01-26,TR,38.9637,35.2433,0,0
2020-03-23,TR,38.9637,35.2433,1529,37
2020-03-05,TR,38.9637,35.2433,0,0
2020-03-26,TR,38.9637,35.2433,3629,75
2020-02-21,TR,38.9637,35.2433,0,0
2020-03-10,TR,38.9637,35.2433,0,0
2020-03-03,TR,38.9637,35.2433,0,0
2020-01-27,TR,38.9637,35.2433,0,0
2020-01-24,TR,38.9637,35.2433,0,0
2020-01-31,TR,38.9637,35.2433,0,0
2020-02-12,TR,38.9637,35.2433,0,0
2020-03-02,TR,38.9637,35.2433,0,0
2020-03-27,TR,38.9637,35.2433,5698,92
2020-03-16,TR,38.9637,35.2433,18,0
2020-02-05,TR,38.9637,35.2433,0,0
2020-02-08,TR,38.9637,35.2433,0,0
2020-01-29,TR,38.9637,35.2433,0,0
2020-02-06,TR,38.9637,35.2433,0,0
2020-03-13,TR,38.9637,35.2433,5,0
2020-02-23,TR,38.9637,35.2433,0,0
2020-01-25,TR,38.9637,35.2433,0,0
2020-03-07,TR,38.9637,35.2433,0,0
2020-02-03,TR,38.9637,35.2433,0,0
2020-02-25,TR,38.9637,35.2433,0,0
2020-02-14,TR,38.9637,35.2433,0,0
2020-02-22,TR,38.9637,35.2433,0,0
2020-01-23,TR,38.9637,35.2433,0,0
2020-02-09,FI,64.0,26.0,1,0
2020-02-05,FI,64.0,26.0,1,0
2020-03-21,FI,64.0,26.0,523,1
2020-02-29,FI,64.0,26.0,3,0
2020-03-11,FI,64.0,26.0,59,0
2020-02-02,FI,64.0,26.0,1,0
2020-03-16,FI,64.0,26.0,277,0
2020-02-15,FI,64.0,26.0,1,0
2020-01-24,FI,64.0,26.0,0,0
2020-03-06,FI,64.0,26.0,15,0
2020-02-16,FI,64.0,26.0,1,0
2020-03-02,FI,64.0,26.0,6,0
2020-02-22,FI,64.0,26.0,1,0
2020-02-24,FI,64.0,26.0,1,0
2020-03-10,FI,64.0,26.0,40,0
2020-03-08,FI,64.0,26.0,23,0
2020-03-15,FI,64.0,26.0,244,0
2020-03-17,FI,64.0,26.0,321,0
2020-02-23,FI,64.0,26.0,1,0
2020-01-22,FI,64.0,26.0,0,0
2020-02-08,FI,64.0,26.0,1,0
2020-03-19,FI,64.0,26.0,400,0
2020-03-18,FI,64.0,26.0,336,0
2020-03-30,FI,64.0,26.0,1352,13
2020-03-12,FI,64.0,26.0,59,0
2020-03-22,FI,64.0,26.0,626,1
2020-03-14,FI,64.0,26.0,225,0
2020-01-23,FI,64.0,26.0,0,0
2020-03-29,FI,64.0,26.0,1240,11
2020-03-03,FI,64.0,26.0,6,0
2020-03-25,FI,64.0,26.0,880,3
2020-01-28,FI,64.0,26.0,0,0
2020-02-07,FI,64.0,26.0,1,0
2020-03-28,FI,64.0,26.0,1167,9
2020-02-25,FI,64.0,26.0,1,0
2020-02-13,FI,64.0,26.0,1,0
2020-02-01,FI,64.0,26.0,1,0
2020-03-09,FI,64.0,26.0,30,0
2020-03-20,FI,64.0,26.0,450,0
2020-03-26,FI,64.0,26.0,958,5
2020-03-24,FI,64.0,26.0,792,1
2020-02-14,FI,64.0,26.0,1,0
2020-02-17,FI,64.0,26.0,1,0
2020-02-18,FI,64.0,26.0,1,0
2020-02-03,FI,64.0,26.0,1,0
2020-03-04,FI,64.0,26.0,6,0
2020-01-25,FI,64.0,26.0,0,0
2020-02-28,FI,64.0,26.0,2,0
2020-01-30,FI,64.0,26.0,1,0
2020-03-07,FI,64.0,26.0,15,0
2020-03-01,FI,64.0,26.0,6,0
2020-02-06,FI,64.0,26.0,1,0
2020-03-23,FI,64.0,26.0,700,1
2020-02-10,FI,64.0,26.0,1,0
2020-02-12,FI,64.0,26.0,1,0
2020-01-31,FI,64.0,26.0,1,0
2020-03-27,FI,64.0,26.0,1041,7
2020-03-05,FI,64.0,26.0,12,0
2020-02-11,FI,64.0,26.0,1,0
2020-02-27,FI,64.0,26.0,2,0
2020-02-20,FI,64.0,26.0,1,0
2020-02-19,FI,64.0,26.0,1,0
2020-02-04,FI,64.0,26.0,1,0
2020-02-26,FI,64.0,26.0,2,0
2020-01-29,FI,64.0,26.0,1,0
2020-02-21,FI,64.0,26.0,1,0
2020-03-13,FI,64.0,26.0,155,0
2020-03-31,FI,64.0,26.0,1418,17
2020-01-26,FI,64.0,26.0,0,0
2020-01-27,FI,64.0,26.0,0,0
2020-03-26,NO,60.472,8.4689,3369,14
2020-02-29,NO,60.472,8.4689,15,0
2020-01-31,NO,60.472,8.4689,0,0
2020-03-20,NO,60.472,8.4689,1914,7
2020-03-10,NO,60.472,8.4689,400,0
2020-02-10,NO,60.472,8.4689,0,0
2020-01-23,NO,60.472,8.4689,0,0
2020-03-28,NO,60.472,8.4689,4015,23
2020-02-26,NO,60.472,8.4689,1,0
2020-03-13,NO,60.472,8.4689,996,0
2020-02-24,NO,60.472,8.4689,0,0
2020-02-12,NO,60.472,8.4689,0,0
2020-01-24,NO,60.472,8.4689,0,0
2020-02-23,NO,60.472,8.4689,0,0
2020-03-31,NO,60.472,8.4689,4641,39
2020-01-26,NO,60.472,8.4689,0,0
2020-03-23,NO,60.472,8.4689,2621,10
2020-01-22,NO,60.472,8.4689,0,0
2020-03-24,NO,60.472,8.4689,2863,12
2020-02-18,NO,60.472,8.4689,0,0
2020-03-01,NO,60.472,8.4689,19,0
2020-02-17,NO,60.472,8.4689,0,0
2020-03-14,NO,60.472,8.4689,1090,3
2020-03-16,NO,60.472,8.4689,1333,3
2020-02-22,NO,60.472,8.4689,0,0
2020-03-12,NO,60.472,8.4689,702,0
2020-02-01,NO,60.472,8.4689,0,0
2020-01-25,NO,60.472,8.4689,0,0
2020-02-13,NO,60.472,8.4689,0,0
2020-02-06,NO,60.472,8.4689,0,0
2020-01-28,NO,60.472,8.4689,0,0
2020-02-19,NO,60.472,8.4689,0,0
2020-03-30,NO,60.472,8.4689,4445,32
2020-01-27,NO,60.472,8.4689,0,0
2020-03-19,NO,60.472,8.4689,1746,7
2020-01-29,NO,60.472,8.4689,0,0
2020-02-02,NO,60.472,8.4689,0,0
2020-02-11,NO,60.472,8.4689,0,0
2020-03-03,NO,60.472,8.4689,32,0
2020-03-27,NO,60.472,8.4689,3755,19
2020-03-04,NO,60.472,8.4689,56,0
2020-01-30,NO,60.472,8.4689,0,0
2020-02-09,NO,60.472,8.4689,0,0
2020-03-21,NO,60.472,8.4689,2118,7
2020-03-22,NO,60.472,8.4689,2385,7
2020-03-02,NO,60.472,8.4689,25,0
2020-03-15,NO,60.472,8.4689,1221,3
2020-02-03,NO,60.472,8.4689,0,0
2020-02-07,NO,60.472,8.4689,0,0
2020-02-04,NO,60.472,8.4689,0,0
2020-03-25,NO,60.472,8.4689,3084,14
2020-03-17,NO,60.472,8.4689,1463,3
2020-03-09,NO,60.472,8.4689,205,0
2020-02-27,NO,60.472,8.4689,1,0
2020-03-06,NO,60.472,8.4689,108,0
2020-02-14,NO,60.472,8.4689,0,0
2020-02-20,NO,60.472,8.4689,0,0
2020-02-16,NO,60.472,8.4689,0,0
2020-03-08,NO,60.472,8.4689,176,0
2020-02-08,NO,60.472,8.4689,0,0
2020-02-28,NO,60.472,8.4689,6,0
2020-02-05,NO,60.472,8.4689,0,0
2020-02-25,NO,60.472,8.4689,0,0
2020-03-05,NO,60.472,8.4689,87,0
2020-02-15,NO,60.472,8.4689,0,0
2020-02-21,NO,60.472,8.4689,0,0
2020-03-29,NO,60.472,8.4689,4284,25
2020-03-07,NO,60.472,8.4689,147,0
2020-03-11,NO,60.472,8.4689,598,0
2020-03-18,NO,60.472,8.4689,1550,6
2020-02-07,IE,53.1424,-7.6921,0,0
2020-01-27,IE,53.1424,-7.6921,0,0
2020-02-01,IE,53.1424,-7.6921,0,0
2020-02-13,IE,53.1424,-7.6921,0,0
2020-02-26,IE,53.1424,-7.6921,0,0
2020-02-17,IE,53.1424,-7.6921,0,0
2020-02-08,IE,53.1424,-7.6921,0,0
2020-02-18,IE,53.1424,-7.6921,0,0
2020-02-21,IE,53.1424,-7.6921,0,0
2020-03-30,IE,53.1424,-7.6921,2910,54
2020-02-19,IE,53.1424,-7.6921,0,0
2020-02-03,IE,53.1424,-7.6921,0,0
2020-02-24,IE,53.1424,-7.6921,0,0
2020-02-04,IE,53.1424,-7.6921,0,0
2020-02-06,IE,53.1424,-7.6921,0,0
2020-02-02,IE,53.1424,-7.6921,0,0
2020-02-23,IE,53.1424,-7.6921,0,0
2020-01-25,IE,53.1424,-7.6921,0,0
2020-03-02,IE,53.1424,-7.6921,1,0
2020-02-29,IE,53.1424,-7.6921,1,0
2020-03-10,IE,53.1424,-7.6921,34,0
2020-03-09,IE,53.1424,-7.6921,21,0
2020-02-11,IE,53.1424,-7.6921,0,0
2020-03-06,IE,53.1424,-7.6921,18,0
2020-02-15,IE,53.1424,-7.6921,0,0
2020-03-24,IE,53.1424,-7.6921,1329,7
2020-03-12,IE,53.1424,-7.6921,43,1
2020-03-14,IE,53.1424,-7.6921,129,2
2020-03-07,IE,53.1424,-7.6921,18,0
2020-02-20,IE,53.1424,-7.6921,0,0
2020-03-19,IE,53.1424,-7.6921,557,3
2020-03-29,IE,53.1424,-7.6921,2615,46
2020-03-27,IE,53.1424,-7.6921,2121,22
2020-02-09,IE,53.1424,-7.6921,0,0
2020-02-22,IE,53.1424,-7.6921,0,0
2020-03-11,IE,53.1424,-7.6921,43,1
2020-03-18,IE,53.1424,-7.6921,292,2
2020-03-28,IE,53.1424,-7.6921,2415,36
2020-02-25,IE,53.1424,-7.6921,0,0
2020-01-24,IE,53.1424,-7.6921,0,0
2020-03-17,IE,53.1424,-7.6921,223,2
2020-03-13,IE,53.1424,-7.6921,90,1
2020-01-29,IE,53.1424,-7.6921,0,0
2020-02-27,IE,53.1424,-7.6921,0,0
2020-01-26,IE,53.1424,-7.6921,0,0
2020-02-16,IE,53.1424,-7.6921,0,0
2020-01-22,IE,53.1424,-7.6921,0,0
2020-03-25,IE,53.1424,-7.6921,1564,9
2020-03-26,IE,53.1424,-7.6921,1819,19
2020-02-28,IE,53.1424,-7.6921,0,0
2020-03-31,IE,53.1424,-7.6921,3235,71
2020-03-16,IE,53.1424,-7.6921,169,2
2020-02-12,IE,53.1424,-7.6921,0,0
2020-01-23,IE,53.1424,-7.6921,0,0
2020-02-14,IE,53.1424,-7.6921,0,0
2020-02-10,IE,53.1424,-7.6921,0,0
2020-01-31,IE,53.1424,-7.6921,0,0
2020-03-22,IE,53.1424,-7.6921,906,4
2020-02-05,IE,53.1424,-7.6921,0,0
2020-03-05,IE,53.1424,-7.6921,6,0
2020-03-23,IE,53.1424,-7.6921,1125,6
2020-03-08,IE,53.1424,-7.6921,19,0
2020-01-30,IE,53.1424,-7.6921,0,0
2020-03-21,IE,53.1424,-7.6921,785,3
2020-03-04,IE,53.1424,-7.6921,6,0
2020-01-28,IE,53.1424,-7.6921,0,0
2020-03-01,IE,53.1424,-7.6921,1,0
2020-03-15,IE,53.1424,-7.6921,129,2
2020-03-20,IE,53.1424,-7.6921,683,3
2020-03-03,IE,53.1424,-7.6921,2,0
2020-02-15,IS,64.9631,-19.0208,0,0
2020-03-26,IS,64.9631,-19.0208,802,2
2020-02-19,IS,64.9631,-19.0208,0,0
2020-01-25,IS,64.9631,-19.0208,0,0
2020-02-01,IS,64.9631,-19.0208,0,0
2020-02-22,IS,64.9631,-19.0208,0,0
2020-03-23,IS,64.9631,-19.0208,588,1
2020-01-27,IS,64.9631,-19.0208,0,0
2020-03-25,IS,64.9631,-19.0208,737,2
2020-03-01,IS,64.9631,-19.0208,3,0
2020-03-12,IS,64.9631,-19.0208,103,0
2020-03-08,IS,64.9631,-19.0208,50,0
2020-03-11,IS,64.9631,-19.0208,85,0
2020-03-04,IS,64.9631,-19.0208,26,0
2020-02-26,IS,64.9631,-19.0208,0,0
2020-03-13,IS,64.9631,-19.0208,134,0
2020-02-06,IS,64.9631,-19.0208,0,0
2020-01-30,IS,64.9631,-19.0208,0,0
2020-02-14,IS,64.9631,-19.0208,0,0
2020-02-20,IS,64.9631,-19.0208,0,0
2020-02-29,IS,64.9631,-19.0208,1,0
2020-01-23,IS,64.9631,-19.0208,0,0
2020-02-04,IS,64.9631,-19.0208,0,0
2020-02-18,IS,64.9631,-19.0208,0,0
2020-02-09,IS,64.9631,-19.0208,0,0
2020-03-19,IS,64.9631,-19.0208,330,1
2020-03-05,IS,64.9631,-19.0208,34,0
2020-03-07,IS,64.9631,-19.0208,50,0
2020-02-17,IS,64.9631,-19.0208,0,0
2020-03-14,IS,64.9631,-19.0208,156,0
2020-03-21,IS,64.9631,-19.0208,473,1
2020-01-29,IS,64.9631,-19.0208,0,0
2020-03-15,IS,64.9631,-19.0208,171,5
2020-02-16,IS,64.9631,-19.0208,0,0
2020-02-12,IS,64.9631,-19.0208,0,0
2020-02-10,IS,64.9631,-19.0208,0,0
2020-02-28,IS,64.9631,-19.0208,1,0
2020-02-13,IS,64.9631,-19.0208,0,0
2020-02-11,IS,64.9631,-19.0208,0,0
2020-03-20,IS,64.9631,-19.0208,409,0
2020-02-08,IS,64.9631,-19.0208,0,0
2020-03-24,IS,64.9631,-19.0208,648,2
2020-03-29,IS,64.9631,-19.0208,1020,2
2020-01-24,IS,64.9631,-19.0208,0,0
2020-02-25,IS,64.9631,-19.0208,0,0
2020-02-05,IS,64.9631,-19.0208,0,0
2020-03-02,IS,64.9631,-19.0208,6,0
2020-03-06,IS,64.9631,-19.0208,43,0
2020-03-09,IS,64.9631,-19.0208,58,0
2020-02-02,IS,64.9631,-19.0208,0,0
2020-02-23,IS,64.9631,-19.0208,0,0
2020-03-28,IS,64.9631,-19.0208,963,2
2020-02-27,IS,64.9631,-19.0208,0,0
2020-03-03,IS,64.9631,-19.0208,11,0
2020-03-30,IS,64.9631,-19.0208,1086,2
2020-02-24,IS,64.9631,-19.0208,0,0
2020-03-22,IS,64.9631,-19.0208,568,1
2020-01-28,IS,64.9631,-19.0208,0,0
2020-02-03,IS,64.9631,-19.0208,0,0
2020-02-07,IS,64.9631,-19.0208,0,0
2020-01-22,IS,64.9631,-19.0208,0,0
2020-02-21,IS,64.9631,-19.0208,0,0
2020-03-27,IS,64.9631,-19.0208,890,2
2020-03-10,IS,64.9631,-19.0208,69,0
2020-03-16,IS,64.9631,-19.0208,180,0
2020-03-18,IS,64.9631,-19.0208,250,1
2020-01-26,IS,64.9631,-19.0208,0,0
2020-01-31,IS,64.9631,-19.0208,0,0
2020-03-17,IS,64.9631,-19.0208,220,1
2020-03-31,IS,64.9631,-19.0208,1135,2
2020-03-23,LI,47.14,9.55,51,0
2020-02-22,LI,47.14,9.55,0,0
2020-03-14,LI,47.14,9.55,4,0
2020-03-04,LI,47.14,9.55,1,0
2020-03-20,LI,47.14,9.55,28,0
2020-03-28,LI,47.14,9.55,56,0
2020-03-30,LI,47.14,9.55,62,0
2020-03-24,LI,47.14,9.55,51,0
2020-01-23,LI,47.14,9.55,0,0
2020-03-29,LI,47.14,9.55,56,0
2020-03-16,LI,47.14,9.55,4,0
2020-01-30,LI,47.14,9.55,0,0
2020-03-03,LI,47.14,9.55,0,0
2020-03-15,LI,47.14,9.55,4,0
2020-02-06,LI,47.14,9.55,0,0
2020-03-10,LI,47.14,9.55,1,0
2020-02-26,LI,47.14,9.55,0,0
2020-02-16,LI,47.14,9.55,0,0
2020-02-07,LI,47.14,9.55,0,0
2020-01-26,LI,47.14,9.55,0,0
2020-02-02,LI,47.14,9.55,0,0
2020-03-06,LI,47.14,9.55,1,0
2020-02-15,LI,47.14,9.55,0,0
2020-02-18,LI,47.14,9.55,0,0
2020-01-29,LI,47.14,9.55,0,0
2020-02-17,LI,47.14,9.55,0,0
2020-02-23,LI,47.14,9.55,0,0
2020-02-28,LI,47.14,9.55,0,0
2020-02-11,LI,47.14,9.55,0,0
2020-01-25,LI,47.14,9.55,0,0
2020-03-11,LI,47.14,9.55,1,0
2020-03-19,LI,47.14,9.55,28,0
2020-02-10,LI,47.14,9.55,0,0
2020-02-27,LI,47.14,9.55,0,0
2020-03-07,LI,47.14,9.55,1,0
2020-01-24,LI,47.14,9.55,0,0
2020-01-27,LI,47.14,9.55,0,0
2020-03-17,LI,47.14,9.55,7,0
2020-03-26,LI,47.14,9.55,56,0
2020-02-01,LI,47.14,9.55,0,0
2020-03-21,LI,47.14,9.55,37,0
2020-02-25,LI,47.14,9.55,0,0
2020-01-31,LI,47.14,9.55,0,0
2020-03-25,LI,47.14,9.55,51,0
2020-03-05,LI,47.14,9.55,1,0
2020-02-08,LI,47.14,9.55,0,0
2020-02-04,LI,47.14,9.55,0,0
2020-03-18,LI,47.14,9.55,28,0
2020-03-09,LI,47.14,9.55,1,0
2020-02-24,LI,47.14,9.55,0,0
2020-03-27,LI,47.14,9.55,56,0
2020-03-02,LI,47.14,9.55,0,0
2020-02-05,LI,47.14,9.55,0,0
2020-01-22,LI,47.14,9.55,0,0
2020-01-28,LI,47.14,9.55,0,0
2020-02-03,LI,47.14,9.55,0,0
2020-02-19,LI,47.14,9.55,0,0
2020-03-01,LI,47.14,9.55,0,0
2020-02-20,LI,47.14,9.55,0,0
2020-03-22,LI,47.14,9.55,37,0
2020-03-08,LI,47.14,9.55,1,0
2020-02-21,LI,47.14,9.55,0,0
2020-02-13,LI,47.14,9.55,0,0
2020-02-09,LI,47.14,9.55,0,0
2020-03-13,LI,47.14,9.55,1,0
2020-02-12,LI,47.14,9.55,0,0
2020-02-14,LI,47.14,9.55,0,0
2020-03-12,LI,47.14,9.55,1,0
2020-03-31,LI,47.14,9.55,68,0
2020-02-29,LI,47.14,9.55,0,0
2020-03-04,LT,55.1694,23.8813,1,0
2020-01-27,LT,55.1694,23.8813,0,0
2020-03-13,LT,55.1694,23.8813,6,0
2020-03-31,LT,55.1694,23.8813,537,8
2020-02-15,LT,55.1694,23.8813,0,0
2020-03-27,LT,55.1694,23.8813,358,5
2020-03-12,LT,55.1694,23.8813,3,0
2020-03-06,LT,55.1694,23.8813,1,0
2020-03-25,LT,55.1694,23.8813,274,4
2020-01-26,LT,55.1694,23.8813,0,0
2020-02-10,LT,55.1694,23.8813,0,0
2020-03-08,LT,55.1694,23.8813,1,0
2020-03-15,LT,55.1694,23.8813,12,0
2020-02-19,LT,55.1694,23.8813,0,0
2020-03-26,LT,55.1694,23.8813,299,4
2020-03-29,LT,55.1694,23.8813,460,7
2020-01-30,LT,55.1694,23.8813,0,0
2020-02-01,LT,55.1694,23.8813,0,0
2020-02-11,LT,55.1694,23.8813,0,0
2020-02-22,LT,55.1694,23.8813,0,0
2020-03-02,LT,55.1694,23.8813,1,0
2020-02-08,LT,55.1694,23.8813,0,0
2020-03-22,LT,55.1694,23.8813,143,1
2020-03-21,LT,55.1694,23.8813,83,1
2020-03-23,LT,55.1694,23.8813,179,1
2020-02-06,LT,55.1694,23.8813,0,0
2020-03-11,LT,55.1694,23.8813,3,0
2020-03-28,LT,55.1694,23.8813,394,7
2020-01-28,LT,55.1694,23.8813,0,0
2020-03-05,LT,55.1694,23.8813,1,0
2020-01-23,LT,55.1694,23.8813,0,0
2020-02-16,LT,55.1694,23.8813,0,0
2020-01-25,LT,55.1694,23.8813,0,0
2020-01-24,LT,55.1694,23.8813,0,0
2020-02-12,LT,55.1694,23.8813,0,0
2020-02-13,LT,55.1694,23.8813,0,0
2020-03-01,LT,55.1694,23.8813,1,0
2020-03-20,LT,55.1694,23.8813,49,0
2020-03-14,LT,55.1694,23.8813,8,0
2020-02-20,LT,55.1694,23.8813,0,0
2020-03-18,LT,55.1694,23.8813,27,0
2020-03-16,LT,55.1694,23.8813,17,0
2020-02-25,LT,55.1694,23.8813,0,0
2020-03-03,LT,55.1694,23.8813,1,0
2020-02-03,LT,55.1694,23.8813,0,0
2020-02-21,LT,55.1694,23.8813,0,0
2020-02-04,LT,55.1694,23.8813,0,0
2020-03-09,LT,55.1694,23.8813,1,0
2020-02-23,LT,55.1694,23.8813,0,0
2020-01-22,LT,55.1694,23.8813,0,0
2020-02-07,LT,55.1694,23.8813,0,0
2020-02-14,LT,55.1694,23.8813,0,0
2020-03-19,LT,55.1694,23.8813,36,0
2020-03-07,LT,55.1694,23.8813,1,0
2020-02-27,LT,55.1694,23.8813,0,0
2020-02-29,LT,55.1694,23.8813,1,0
2020-01-29,LT,55.1694,23.8813,0,0
2020-02-02,LT,55.1694,23.8813,0,0
2020-03-30,LT,55.1694,23.8813,491,7
2020-03-24,LT,55.1694,23.8813,209,2
2020-03-10,LT,55.1694,23.8813,1,0
2020-02-28,LT,55.1694,23.8813,1,0
2020-02-17,LT,55.1694,23.8813,0,0
2020-02-18,LT,55.1694,23.8813,0,0
2020-03-17,LT,55.1694,23.8813,25,0
2020-02-24,LT,55.1694,23.8813,0,0
2020-02-05,LT,55.1694,23.8813,0,0
2020-02-09,LT,55.1694,23.8813,0,0
2020-01-31,LT,55.1694,23.8813,0,0
2020-02-26,LT,55.1694,23.8813,0,0
2020-02-21,LU,49.8153,6.1296,0,0
2020-02-28,LU,49.8153,6.1296,0,0
2020-02-22,LU,49.8153,6.1296,0,0
2020-01-25,LU,49.8153,6.1296,0,0
2020-03-22,LU,49.8153,6.1296,798,8
2020-02-17,LU,49.8153,6.1296,0,0
2020-03-27,LU,49.8153,6.1296,1605,15
2020-01-23,LU,49.8153,6.1296,0,0
2020-01-28,LU,49.8153,6.1296,0,0
2020-01-31,LU,49.8153,6.1296,0,0
2020-03-30,LU,49.8153,6.1296,1988,22
2020-01-26,LU,49.8153,6.1296,0,0
2020-03-26,LU,49.8153,6.1296,1453,9
2020-03-04,LU,49.8153,6.1296,1,0
2020-03-29,LU,49.8153,6.1296,1950,21
2020-01-27,LU,49.8153,6.1296,0,0
2020-02-24,LU,49.8153,6.1296,0,0
2020-02-26,LU,49.8153,6.1296,0,0
2020-01-29,LU,49.8153,6.1296,0,0
2020-03-02,LU,49.8153,6.1296,1,0
2020-03-23,LU,49.8153,6.1296,875,8
2020-02-18,LU,49.8153,6.1296,0,0
2020-01-22,LU,49.8153,6.1296,0,0
2020-02-19,LU,49.8153,6.1296,0,0
2020-03-03,LU,49.8153,6.1296,1,0
2020-01-30,LU,49.8153,6.1296,0,0
2020-03-24,LU,49.8153,6.1296,1099,8
2020-02-20,LU,49.8153,6.1296,0,0
2020-03-01,LU,49.8153,6.1296,1,0
2020-03-31,LU,49.8153,6.1296,2178,23
2020-02-29,LU,49.8153,6.1296,1,0
2020-02-23,LU,49.8153,6.1296,0,0
2020-01-24,LU,49.8153,6.1296,0,0
2020-02-27,LU,49.8153,6.1296,0,0
2020-03-28,LU,49.8153,6.1296,1831,18
2020-03-11,LU,49.8153,6.1296,7,0
2020-03-19,LU,49.8153,6.1296,335,4
2020-02-06,LU,49.8153,6.1296,0,0
2020-03-10,LU,49.8153,6.1296,5,0
2020-02-10,LU,49.8153,6.1296,0,0
2020-03-14,LU,49.8153,6.1296,51,1
2020-03-06,LU,49.8153,6.1296,2,0
2020-02-11,LU,49.8153,6.1296,0,0
2020-03-20,LU,49.8153,6.1296,484,4
2020-02-12,LU,49.8153,6.1296,0,0
2020-02-02,LU,49.8153,6.1296,0,0
2020-03-15,LU,49.8153,6.1296,59,1
2020-02-15,LU,49.8153,6.1296,0,0
2020-02-07,LU,49.8153,6.1296,0,0
2020-03-08,LU,49.8153,6.1296,3,0
2020-02-04,LU,49.8153,6.1296,0,0
2020-03-05,LU,49.8153,6.1296,1,0
2020-02-09,LU,49.8153,6.1296,0,0
2020-03-09,LU,49.8153,6.1296,3,0
2020-03-25,LU,49.8153,6.1296,1333,8
2020-03-07,LU,49.8153,6.1296,2,0
2020-02-13,LU,49.8153,6.1296,0,0
2020-03-21,LU,49.8153,6.1296,670,8
2020-03-18,LU,49.8153,6.1296,203,2
2020-03-13,LU,49.8153,6.1296,34,0
2020-02-16,LU,49.8153,6.1296,0,0
2020-03-17,LU,49.8153,6.1296,140,1
2020-02-25,LU,49.8153,6.1296,0,0
2020-02-05,LU,49.8153,6.1296,0,0
2020-03-12,LU,49.8153,6.1296,19,0
2020-02-03,LU,49.8153,6.1296,0,0
2020-02-14,LU,49.8153,6.1296,0,0
2020-02-08,LU,49.8153,6.1296,0,0
2020-02-01,LU,49.8153,6.1296,0,0
2020-03-16,LU,49.8153,6.1296,77,1
2020-02-17,LV,56.8796,24.6032,0,0
2020-03-20,LV,56.8796,24.6032,111,0
2020-03-28,LV,56.8796,24.6032,305,0
2020-03-01,LV,56.8796,24.6032,0,0
2020-03-26,LV,56.8796,24.6032,244,0
2020-02-18,LV,56.8796,24.6032,0,0
2020-03-27,LV,56.8796,24.6032,280,0
2020-03-02,LV,56.8796,24.6032,1,0
2020-03-30,LV,56.8796,24.6032,376,0
2020-02-09,LV,56.8796,24.6032,0,0
2020-02-28,LV,56.8796,24.6032,0,0
2020-03-25,LV,56.8796,24.6032,221,0
2020-02-05,LV,56.8796,24.6032,0,0
2020-02-24,LV,56.8796,24.6032,0,0
2020-01-26,LV,56.8796,24.6032,0,0
2020-02-15,LV,56.8796,24.6032,0,0
2020-02-29,LV,56.8796,24.6032,0,0
2020-01-22,LV,56.8796,24.6032,0,0
2020-02-27,LV,56.8796,24.6032,0,0
2020-02-23,LV,56.8796,24.6032,0,0
2020-02-07,LV,56.8796,24.6032,0,0
2020-03-11,LV,56.8796,24.6032,10,0
2020-02-20,LV,56.8796,24.6032,0,0
2020-03-04,LV,56.8796,24.6032,1,0
2020-01-29,LV,56.8796,24.6032,0,0
2020-02-06,LV,56.8796,24.6032,0,0
2020-01-31,LV,56.8796,24.6032,0,0
2020-03-23,LV,56.8796,24.6032,180,0
2020-03-17,LV,56.8796,24.6032,49,0
2020-02-14,LV,56.8796,24.6032,0,0
2020-03-08,LV,56.8796,24.6032,2,0
2020-03-13,LV,56.8796,24.6032,17,0
2020-02-13,LV,56.8796,24.6032,0,0
2020-03-31,LV,56.8796,24.6032,398,0
2020-01-23,LV,56.8796,24.6032,0,0
2020-03-12,LV,56.8796,24.6032,10,0
2020-02-02,LV,56.8796,24.6032,0,0
2020-02-19,LV,56.8796,24.6032,0,0
2020-03-29,LV,56.8796,24.6032,347,0
2020-03-06,LV,56.8796,24.6032,1,0
2020-02-08,LV,56.8796,24.6032,0,0
2020-01-28,LV,56.8796,24.6032,0,0
2020-01-27,LV,56.8796,24.6032,0,0
2020-02-11,LV,56.8796,24.6032,0,0
2020-02-04,LV,56.8796,24.6032,0,0
2020-02-03,LV,56.8796,24.6032,0,0
2020-01-24,LV,56.8796,24.6032,0,0
2020-03-19,LV,56.8796,24.6032,86,0
2020-03-07,LV,56.8796,24.6032,1,0
2020-02-25,LV,56.8796,24.6032,0,0
2020-02-26,LV,56.8796,24.6032,0,0
2020-02-12,LV,56.8796,24.6032,0,0
2020-02-01,LV,56.8796,24.6032,0,0
2020-03-05,LV,56.8796,24.6032,1,0
2020-03-15,LV,56.8796,24.6032,30,0
2020-03-09,LV,56.8796,24.6032,6,0
2020-01-25,LV,56.8796,24.6032,0,0
2020-02-10,LV,56.8796,24.6032,0,0
2020-03-21,LV,56.8796,24.6032,124,0
2020-03-24,LV,56.8796,24.6032,197,0
2020-02-22,LV,56.8796,24.6032,0,0
2020-03-10,LV,56.8796,24.6032,8,0
2020-03-22,LV,56.8796,24.6032,139,0
2020-03-03,LV,56.8796,24.6032,1,0
2020-02-16,LV,56.8796,24.6032,0,0
2020-02-21,LV,56.8796,24.6032,0,0
2020-03-16,LV,56.8796,24.6032,34,0
2020-03-14,LV,56.8796,24.6032,26,0
2020-03-18,LV,56.8796,24.6032,71,0
2020-01-30,LV,56.8796,24.6032,0,0
2020-03-08,ME,42.5,19.3,0,0
2020-02-29,ME,42.5,19.3,0,0
2020-03-31,ME,42.5,19.3,109,2
2020-03-17,ME,42.5,19.3,2,0
2020-03-15,ME,42.5,19.3,0,0
2020-02-02,ME,42.5,19.3,0,0
2020-02-21,ME,42.5,19.3,0,0
2020-02-18,ME,42.5,19.3,0,0
2020-02-11,ME,42.5,19.3,0,0
2020-03-14,ME,42.5,19.3,0,0
2020-02-16,ME,42.5,19.3,0,0
2020-01-23,ME,42.5,19.3,0,0
2020-03-20,ME,42.5,19.3,14,0
2020-02-10,ME,42.5,19.3,0,0
2020-03-03,ME,42.5,19.3,0,0
2020-03-28,ME,42.5,19.3,84,1
2020-03-10,ME,42.5,19.3,0,0
2020-02-14,ME,42.5,19.3,0,0
2020-02-06,ME,42.5,19.3,0,0
2020-01-31,ME,42.5,19.3,0,0
2020-03-05,ME,42.5,19.3,0,0
2020-03-13,ME,42.5,19.3,0,0
2020-02-13,ME,42.5,19.3,0,0
2020-01-27,ME,42.5,19.3,0,0
2020-03-01,ME,42.5,19.3,0,0
2020-01-28,ME,42.5,19.3,0,0
2020-01-22,ME,42.5,19.3,0,0
2020-02-25,ME,42.5,19.3,0,0
2020-02-12,ME,42.5,19.3,0,0
2020-02-08,ME,42.5,19.3,0,0
2020-02-09,ME,42.5,19.3,0,0
2020-02-20,ME,42.5,19.3,0,0
2020-03-12,ME,42.5,19.3,0,0
2020-03-21,ME,42.5,19.3,14,0
2020-03-25,ME,42.5,19.3,52,1
2020-02-04,ME,42.5,19.3,0,0
2020-02-01,ME,42.5,19.3,0,0
2020-02-19,ME,42.5,19.3,0,0
2020-02-03,ME,42.5,19.3,0,0
2020-02-28,ME,42.5,19.3,0,0
2020-03-24,ME,42.5,19.3,47,1
2020-03-07,ME,42.5,19.3,0,0
2020-03-22,ME,42.5,19.3,21,0
2020-02-24,ME,42.5,19.3,0,0
2020-03-18,ME,42.5,19.3,2,0
2020-03-04,ME,42.5,19.3,0,0
2020-02-26,ME,42.5,19.3,0,0
2020-01-25,ME,42.5,19.3,0,0
2020-03-19,ME,42.5,19.3,3,0
2020-02-17,ME,42.5,19.3,0,0
2020-03-27,ME,42.5,19.3,82,1
2020-03-30,ME,42.5,19.3,91,1
2020-03-26,ME,42.5,19.3,69,1
2020-01-29,ME,42.5,19.3,0,0
2020-01-24,ME,42.5,19.3,0,0
2020-02-05,ME,42.5,19.3,0,0
2020-02-22,ME,42.5,19.3,0,0
2020-01-30,ME,42.5,19.3,0,0
2020-03-29,ME,42.5,19.3,85,1
2020-02-15,ME,42.5,19.3,0,0
2020-02-27,ME,42.5,19.3,0,0
2020-03-02,ME,42.5,19.3,0,0
2020-02-23,ME,42.5,19.3,0,0
2020-02-07,ME,42.5,19.3,0,0
2020-03-09,ME,42.5,19.3,0,0
2020-03-16,ME,42.5,19.3,0,0
2020-01-26,ME,42.5,19.3,0,0
2020-03-06,ME,42.5,19.3,0,0
2020-03-11,ME,42.5,19.3,0,0
2020-03-23,ME,42.5,19.3,27,1
2020-02-18,MK,41.6086,21.7453,0,0
2020-02-13,MK,41.6086,21.7453,0,0
2020-02-02,MK,41.6086,21.7453,0,0
2020-02-15,MK,41.6086,21.7453,0,0
2020-03-23,MK,41.6086,21.7453,136,2
2020-03-13,MK,41.6086,21.7453,14,0
2020-01-23,MK,41.6086,21.7453,0,0
2020-02-12,MK,41.6086,21.7453,0,0
2020-01-29,MK,41.6086,21.7453,0,0
2020-02-22,MK,41.6086,21.7453,0,0
2020-03-20,MK,41.6086,21.7453,67,0
2020-03-29,MK,41.6086,21.7453,259,6
2020-03-25,MK,41.6086,21.7453,177,3
2020-03-22,MK,41.6086,21.7453,115,1
2020-03-05,MK,41.6086,21.7453,1,0
2020-03-09,MK,41.6086,21.7453,3,0
2020-02-05,MK,41.6086,21.7453,0,0
2020-03-24,MK,41.6086,21.7453,148,2
2020-02-28,MK,41.6086,21.7453,1,0
2020-03-30,MK,41.6086,21.7453,285,7
2020-03-08,MK,41.6086,21.7453,3,0
2020-03-19,MK,41.6086,21.7453,48,0
2020-02-16,MK,41.6086,21.7453,0,0
2020-01-30,MK,41.6086,21.7453,0,0
2020-01-24,MK,41.6086,21.7453,0,0
2020-03-07,MK,41.6086,21.7453,3,0
2020-02-21,MK,41.6086,21.7453,0,0
2020-02-29,MK,41.6086,21.7453,1,0
2020-03-16,MK,41.6086,21.7453,18,0
2020-03-12,MK,41.6086,21.7453,7,0
2020-02-08,MK,41.6086,21.7453,0,0
2020-02-14,MK,41.6086,21.7453,0,0
2020-02-23,MK,41.6086,21.7453,0,0
2020-02-27,MK,41.6086,21.7453,1,0
2020-03-06,MK,41.6086,21.7453,3,0
2020-01-28,MK,41.6086,21.7453,0,0
2020-02-04,MK,41.6086,21.7453,0,0
2020-03-14,MK,41.6086,21.7453,14,0
2020-01-22,MK,41.6086,21.7453,0,0
2020-02-24,MK,41.6086,21.7453,0,0
2020-02-19,MK,41.6086,21.7453,0,0
2020-03-02,MK,41.6086,21.7453,1,0
2020-01-26,MK,41.6086,21.7453,0,0
2020-02-09,MK,41.6086,21.7453,0,0
2020-03-15,MK,41.6086,21.7453,14,0
2020-03-26,MK,41.6086,21.7453,201,3
2020-03-03,MK,41.6086,21.7453,1,0
2020-02-10,MK,41.6086,21.7453,0,0
2020-02-25,MK,41.6086,21.7453,0,0
2020-03-10,MK,41.6086,21.7453,7,0
2020-02-01,MK,41.6086,21.7453,0,0
2020-03-17,MK,41.6086,21.7453,26,0
2020-03-18,MK,41.6086,21.7453,35,0
2020-02-26,MK,41.6086,21.7453,1,0
2020-02-07,MK,41.6086,21.7453,0,0
2020-01-27,MK,41.6086,21.7453,0,0
2020-03-21,MK,41.6086,21.7453,85,0
2020-02-11,MK,41.6086,21.7453,0,0
2020-02-20,MK,41.6086,21.7453,0,0
2020-03-27,MK,41.6086,21.7453,219,3
2020-03-01,MK,41.6086,21.7453,1,0
2020-01-25,MK,41.6086,21.7453,0,0
2020-03-28,MK,41.6086,21.7453,241,4
2020-02-06,MK,41.6086,21.7453,0,0
2020-03-31,MK,41.6086,21.7453,329,9
2020-01-31,MK,41.6086,21.7453,0,0
2020-03-04,MK,41.6086,21.7453,1,0
2020-02-03,MK,41.6086,21.7453,0,0
2020-03-11,MK,41.6086,21.7453,7,0
2020-02-17,MK,41.6086,21.7453,0,0
2020-01-27,UK,55.3781,-3.4360000000000004,0,0
2020-02-10,UK,55.3781,-3.4360000000000004,8,0
2020-02-13,UK,55.3781,-3.4360000000000004,9,0
2020-03-18,UK,55.3781,-3.4360000000000004,2626,71
2020-03-29,UK,55.3781,-3.4360000000000004,19522,1228
2020-02-26,UK,55.3781,-3.4360000000000004,13,0
2020-03-25,UK,55.3781,-3.4360000000000004,9529,465
2020-02-03,UK,55.3781,-3.4360000000000004,2,0
2020-02-19,UK,55.3781,-3.4360000000000004,9,0
2020-01-23,UK,55.3781,-3.4360000000000004,0,0
2020-02-17,UK,55.3781,-3.4360000000000004,9,0
2020-01-30,UK,55.3781,-3.4360000000000004,0,0
2020-03-11,UK,55.3781,-3.4360000000000004,456,8
2020-02-20,UK,55.3781,-3.4360000000000004,9,0
2020-01-22,UK,55.3781,-3.4360000000000004,0,0
2020-02-14,UK,55.3781,-3.4360000000000004,9,0
2020-02-01,UK,55.3781,-3.4360000000000004,2,0
2020-03-26,UK,55.3781,-3.4360000000000004,11658,578
2020-01-24,UK,55.3781,-3.4360000000000004,0,0
2020-03-19,UK,55.3781,-3.4360000000000004,2689,137
2020-02-12,UK,55.3781,-3.4360000000000004,9,0
2020-03-10,UK,55.3781,-3.4360000000000004,382,6
2020-01-26,UK,55.3781,-3.4360000000000004,0,0
2020-02-18,UK,55.3781,-3.4360000000000004,9,0
2020-02-02,UK,55.3781,-3.4360000000000004,2,0
2020-02-09,UK,55.3781,-3.4360000000000004,3,0
2020-03-01,UK,55.3781,-3.4360000000000004,36,0
2020-02-06,UK,55.3781,-3.4360000000000004,2,0
2020-02-29,UK,55.3781,-3.4360000000000004,23,0
2020-02-08,UK,55.3781,-3.4360000000000004,3,0
2020-02-07,UK,55.3781,-3.4360000000000004,3,0
2020-03-14,UK,55.3781,-3.4360000000000004,1140,21
2020-02-23,UK,55.3781,-3.4360000000000004,9,0
2020-02-15,UK,55.3781,-3.4360000000000004,9,0
2020-03-22,UK,55.3781,-3.4360000000000004,5683,281
2020-01-29,UK,55.3781,-3.4360000000000004,0,0
2020-03-16,UK,55.3781,-3.4360000000000004,1543,55
2020-02-28,UK,55.3781,-3.4360000000000004,20,0
2020-02-22,UK,55.3781,-3.4360000000000004,9,0
2020-03-15,UK,55.3781,-3.4360000000000004,1140,21
2020-03-06,UK,55.3781,-3.4360000000000004,163,2
2020-03-04,UK,55.3781,-3.4360000000000004,85,0
2020-01-25,UK,55.3781,-3.4360000000000004,0,0
2020-02-16,UK,55.3781,-3.4360000000000004,9,0
2020-03-27,UK,55.3781,-3.4360000000000004,14543,759
2020-02-05,UK,55.3781,-3.4360000000000004,2,0
2020-02-21,UK,55.3781,-3.4360000000000004,9,0
2020-02-11,UK,55.3781,-3.4360000000000004,8,0
2020-03-31,UK,55.3781,-3.4360000000000004,25150,1789
2020-03-28,UK,55.3781,-3.4360000000000004,17089,1019
2020-03-09,UK,55.3781,-3.4360000000000004,321,4
2020-03-23,UK,55.3781,-3.4360000000000004,6650,335
2020-02-25,UK,55.3781,-3.4360000000000004,13,0
2020-03-24,UK,55.3781,-3.4360000000000004,8077,422
2020-02-27,UK,55.3781,-3.4360000000000004,15,0
2020-03-13,UK,55.3781,-3.4360000000000004,798,8
2020-03-21,UK,55.3781,-3.4360000000000004,5018,233
2020-02-04,UK,55.3781,-3.4360000000000004,2,0
2020-03-02,UK,55.3781,-3.4360000000000004,40,0
2020-02-24,UK,55.3781,-3.4360000000000004,13,0
2020-03-17,UK,55.3781,-3.4360000000000004,1950,55
2020-03-05,UK,55.3781,-3.4360000000000004,115,1
2020-03-20,UK,55.3781,-3.4360000000000004,3983,177
2020-01-31,UK,55.3781,-3.4360000000000004,2,0
2020-03-08,UK,55.3781,-3.4360000000000004,273,3
2020-03-30,UK,55.3781,-3.4360000000000004,22141,1408
2020-01-28,UK,55.3781,-3.4360000000000004,0,0
2020-03-07,UK,55.3781,-3.4360000000000004,206,2
2020-03-12,UK,55.3781,-3.4360000000000004,456,8
2020-03-03,UK,55.3781,-3.4360000000000004,51,0
2020-02-27,MT,35.9375,14.3754,0,0
2020-03-14,MT,35.9375,14.3754,18,0
2020-01-30,MT,35.9375,14.3754,0,0
2020-02-09,MT,35.9375,14.3754,0,0
2020-03-12,MT,35.9375,14.3754,6,0
2020-03-06,MT,35.9375,14.3754,0,0
2020-01-23,MT,35.9375,14.3754,0,0
2020-02-26,MT,35.9375,14.3754,0,0
2020-03-05,MT,35.9375,14.3754,0,0
2020-03-21,MT,35.9375,14.3754,73,0
2020-02-23,MT,35.9375,14.3754,0,0
2020-02-15,MT,35.9375,14.3754,0,0
2020-03-02,MT,35.9375,14.3754,0,0
2020-03-09,MT,35.9375,14.3754,3,0
2020-02-24,MT,35.9375,14.3754,0,0
2020-02-04,MT,35.9375,14.3754,0,0
2020-02-17,MT,35.9375,14.3754,0,0
2020-02-07,MT,35.9375,14.3754,0,0
2020-03-30,MT,35.9375,14.3754,156,0
2020-03-11,MT,35.9375,14.3754,6,0
2020-03-29,MT,35.9375,14.3754,151,0
2020-03-26,MT,35.9375,14.3754,134,0
2020-02-29,MT,35.9375,14.3754,0,0
2020-03-10,MT,35.9375,14.3754,5,0
2020-01-24,MT,35.9375,14.3754,0,0
2020-02-28,MT,35.9375,14.3754,0,0
2020-01-26,MT,35.9375,14.3754,0,0
2020-03-28,MT,35.9375,14.3754,149,0
2020-02-12,MT,35.9375,14.3754,0,0
2020-03-03,MT,35.9375,14.3754,0,0
2020-03-15,MT,35.9375,14.3754,21,0
2020-02-19,MT,35.9375,14.3754,0,0
2020-02-14,MT,35.9375,14.3754,0,0
2020-02-02,MT,35.9375,14.3754,0,0
2020-02-22,MT,35.9375,14.3754,0,0
2020-02-21,MT,35.9375,14.3754,0,0
2020-02-03,MT,35.9375,14.3754,0,0
2020-02-11,MT,35.9375,14.3754,0,0
2020-02-18,MT,35.9375,14.3754,0,0
2020-02-05,MT,35.9375,14.3754,0,0
2020-03-07,MT,35.9375,14.3754,3,0
2020-03-24,MT,35.9375,14.3754,110,0
2020-03-23,MT,35.9375,14.3754,107,0
2020-01-25,MT,35.9375,14.3754,0,0
2020-03-19,MT,35.9375,14.3754,53,0
2020-03-16,MT,35.9375,14.3754,30,0
2020-03-20,MT,35.9375,14.3754,64,0
2020-03-01,MT,35.9375,14.3754,0,0
2020-01-27,MT,35.9375,14.3754,0,0
2020-03-17,MT,35.9375,14.3754,38,0
2020-01-22,MT,35.9375,14.3754,0,0
2020-03-25,MT,35.9375,14.3754,129,0
2020-01-31,MT,35.9375,14.3754,0,0
2020-02-08,MT,35.9375,14.3754,0,0
2020-03-08,MT,35.9375,14.3754,3,0
2020-03-13,MT,35.9375,14.3754,12,0
2020-02-25,MT,35.9375,14.3754,0,0
2020-01-28,MT,35.9375,14.3754,0,0
2020-02-13,MT,35.9375,14.3754,0,0
2020-02-10,MT,35.9375,14.3754,0,0
2020-02-20,MT,35.9375,14.3754,0,0
2020-02-16,MT,35.9375,14.3754,0,0
2020-03-18,MT,35.9375,14.3754,38,0
2020-03-31,MT,35.9375,14.3754,169,0
2020-03-22,MT,35.9375,14.3754,90,0
2020-02-01,MT,35.9375,14.3754,0,0
2020-03-04,MT,35.9375,14.3754,0,0
2020-01-29,MT,35.9375,14.3754,0,0
2020-03-27,MT,35.9375,14.3754,139,0
2020-02-06,MT,35.9375,14.3754,0,0
2020-03-15,FR,-12.8275,45.1662,1,0
2020-02-01,FR,-12.8275,45.1662,0,0
2020-03-14,FR,-12.8275,45.1662,0,0
2020-01-27,FR,-12.8275,45.1662,0,0
2020-03-05,FR,-12.8275,45.1662,0,0
2020-03-22,FR,-12.8275,45.1662,11,0
2020-02-27,FR,-12.8275,45.1662,0,0
2020-03-25,FR,-12.8275,45.1662,36,0
2020-02-14,FR,-12.8275,45.1662,0,0
2020-02-21,FR,-12.8275,45.1662,0,0
2020-02-16,FR,-12.8275,45.1662,0,0
2020-03-12,FR,-12.8275,45.1662,0,0
2020-02-05,FR,-12.8275,45.1662,0,0
2020-02-18,FR,-12.8275,45.1662,0,0
2020-03-08,FR,-12.8275,45.1662,0,0
2020-01-28,FR,-12.8275,45.1662,0,0
2020-02-02,FR,-12.8275,45.1662,0,0
2020-03-09,FR,-12.8275,45.1662,0,0
2020-02-15,FR,-12.8275,45.1662,0,0
2020-01-29,FR,-12.8275,45.1662,0,0
2020-03-11,FR,-12.8275,45.1662,0,0
2020-03-18,FR,-12.8275,45.1662,3,0
2020-03-06,FR,-12.8275,45.1662,0,0
2020-02-28,FR,-12.8275,45.1662,0,0
2020-02-07,FR,-12.8275,45.1662,0,0
2020-01-23,FR,-12.8275,45.1662,0,0
2020-02-22,FR,-12.8275,45.1662,0,0
2020-03-26,FR,-12.8275,45.1662,36,0
2020-02-20,FR,-12.8275,45.1662,0,0
2020-03-16,FR,-12.8275,45.1662,1,0
2020-03-24,FR,-12.8275,45.1662,36,0
2020-03-30,FR,-12.8275,45.1662,82,0
2020-02-09,FR,-12.8275,45.1662,0,0
2020-03-02,FR,-12.8275,45.1662,0,0
2020-03-19,FR,-12.8275,45.1662,3,0
2020-02-03,FR,-12.8275,45.1662,0,0
2020-03-21,FR,-12.8275,45.1662,7,0
2020-01-22,FR,-12.8275,45.1662,0,0
2020-03-29,FR,-12.8275,45.1662,63,0
2020-01-24,FR,-12.8275,45.1662,0,0
2020-02-13,FR,-12.8275,45.1662,0,0
2020-02-26,FR,-12.8275,45.1662,0,0
2020-02-04,FR,-12.8275,45.1662,0,0
2020-03-20,FR,-12.8275,45.1662,6,0
2020-03-07,FR,-12.8275,45.1662,0,0
2020-03-13,FR,-12.8275,45.1662,0,0
2020-03-31,FR,-12.8275,45.1662,94,1
2020-02-17,FR,-12.8275,45.1662,0,0
2020-02-23,FR,-12.8275,45.1662,0,0
2020-03-28,FR,-12.8275,45.1662,63,0
2020-02-19,FR,-12.8275,45.1662,0,0
2020-01-30,FR,-12.8275,45.1662,0,0
2020-01-26,FR,-12.8275,45.1662,0,0
2020-03-17,FR,-12.8275,45.1662,1,0
2020-01-31,FR,-12.8275,45.1662,0,0
2020-02-10,FR,-12.8275,45.1662,0,0
2020-03-27,FR,-12.8275,45.1662,50,0
2020-02-24,FR,-12.8275,45.1662,0,0
2020-02-11,FR,-12.8275,45.1662,0,0
2020-02-25,FR,-12.8275,45.1662,0,0
2020-03-23,FR,-12.8275,45.1662,24,0
2020-02-08,FR,-12.8275,45.1662,0,0
2020-03-01,FR,-12.8275,45.1662,0,0
2020-03-03,FR,-12.8275,45.1662,0,0
2020-01-25,FR,-12.8275,45.1662,0,0
2020-02-29,FR,-12.8275,45.1662,0,0
2020-03-04,FR,-12.8275,45.1662,0,0
2020-03-10,FR,-12.8275,45.1662,0,0
2020-02-06,FR,-12.8275,45.1662,0,0
2020-02-12,FR,-12.8275,45.1662,0,0
2020-02-02,FR,18.0708,-63.0501,0,0
2020-03-15,FR,18.0708,-63.0501,2,0
2020-01-22,FR,18.0708,-63.0501,0,0
2020-03-19,FR,18.0708,-63.0501,4,0
2020-02-26,FR,18.0708,-63.0501,0,0
2020-02-03,FR,18.0708,-63.0501,0,0
2020-03-31,FR,18.0708,-63.0501,15,1
2020-03-13,FR,18.0708,-63.0501,2,0
2020-02-14,FR,18.0708,-63.0501,0,0
2020-02-12,FR,18.0708,-63.0501,0,0
2020-03-17,FR,18.0708,-63.0501,2,0
2020-01-28,FR,18.0708,-63.0501,0,0
2020-02-17,FR,18.0708,-63.0501,0,0
2020-03-16,FR,18.0708,-63.0501,2,0
2020-03-22,FR,18.0708,-63.0501,5,0
2020-03-25,FR,18.0708,-63.0501,11,0
2020-01-31,FR,18.0708,-63.0501,0,0
2020-02-08,FR,18.0708,-63.0501,0,0
2020-03-05,FR,18.0708,-63.0501,0,0
2020-02-25,FR,18.0708,-63.0501,0,0
2020-02-20,FR,18.0708,-63.0501,0,0
2020-02-09,FR,18.0708,-63.0501,0,0
2020-02-13,FR,18.0708,-63.0501,0,0
2020-03-18,FR,18.0708,-63.0501,3,0
2020-03-30,FR,18.0708,-63.0501,15,1
2020-02-15,FR,18.0708,-63.0501,0,0
2020-02-05,FR,18.0708,-63.0501,0,0
2020-03-11,FR,18.0708,-63.0501,2,0
2020-03-06,FR,18.0708,-63.0501,0,0
2020-03-20,FR,18.0708,-63.0501,4,0
2020-02-04,FR,18.0708,-63.0501,0,0
2020-01-23,FR,18.0708,-63.0501,0,0
2020-02-24,FR,18.0708,-63.0501,0,0
2020-03-09,FR,18.0708,-63.0501,2,0
2020-03-08,FR,18.0708,-63.0501,0,0
2020-03-07,FR,18.0708,-63.0501,0,0
2020-02-22,FR,18.0708,-63.0501,0,0
2020-03-03,FR,18.0708,-63.0501,0,0
2020-02-19,FR,18.0708,-63.0501,0,0
2020-02-21,FR,18.0708,-63.0501,0,0
2020-02-11,FR,18.0708,-63.0501,0,0
2020-02-18,FR,18.0708,-63.0501,0,0
2020-02-28,FR,18.0708,-63.0501,0,0
2020-01-30,FR,18.0708,-63.0501,0,0
2020-03-10,FR,18.0708,-63.0501,2,0
2020-03-02,FR,18.0708,-63.0501,0,0
2020-03-14,FR,18.0708,-63.0501,2,0
2020-03-28,FR,18.0708,-63.0501,11,0
2020-03-04,FR,18.0708,-63.0501,0,0
2020-02-06,FR,18.0708,-63.0501,0,0
2020-02-10,FR,18.0708,-63.0501,0,0
2020-01-25,FR,18.0708,-63.0501,0,0
2020-02-07,FR,18.0708,-63.0501,0,0
2020-03-29,FR,18.0708,-63.0501,11,0
2020-01-29,FR,18.0708,-63.0501,0,0
2020-02-29,FR,18.0708,-63.0501,0,0
2020-01-24,FR,18.0708,-63.0501,0,0
2020-03-01,FR,18.0708,-63.0501,0,0
2020-03-12,FR,18.0708,-63.0501,2,0
2020-02-23,FR,18.0708,-63.0501,0,0
2020-03-21,FR,18.0708,-63.0501,4,0
2020-03-26,FR,18.0708,-63.0501,11,0
2020-02-16,FR,18.0708,-63.0501,0,0
2020-02-01,FR,18.0708,-63.0501,0,0
2020-01-27,FR,18.0708,-63.0501,0,0
2020-02-27,FR,18.0708,-63.0501,0,0
2020-03-23,FR,18.0708,-63.0501,8,0
2020-03-27,FR,18.0708,-63.0501,11,0
2020-01-26,FR,18.0708,-63.0501,0,0
2020-03-24,FR,18.0708,-63.0501,8,0
2020-03-02,FR,16.25,-61.5833,0,0
2020-03-14,FR,16.25,-61.5833,1,0
2020-03-11,FR,16.25,-61.5833,0,0
2020-02-27,FR,16.25,-61.5833,0,0
2020-03-31,FR,16.25,-61.5833,114,4
2020-03-27,FR,16.25,-61.5833,73,1
2020-03-17,FR,16.25,-61.5833,18,0
2020-02-20,FR,16.25,-61.5833,0,0
2020-03-13,FR,16.25,-61.5833,1,0
2020-01-26,FR,16.25,-61.5833,0,0
2020-03-18,FR,16.25,-61.5833,27,0
2020-02-07,FR,16.25,-61.5833,0,0
2020-01-25,FR,16.25,-61.5833,0,0
2020-03-20,FR,16.25,-61.5833,45,0
2020-03-04,FR,16.25,-61.5833,0,0
2020-03-09,FR,16.25,-61.5833,0,0
2020-03-24,FR,16.25,-61.5833,62,1
2020-01-29,FR,16.25,-61.5833,0,0
2020-02-16,FR,16.25,-61.5833,0,0
2020-03-26,FR,16.25,-61.5833,73,1
2020-02-10,FR,16.25,-61.5833,0,0
2020-02-04,FR,16.25,-61.5833,0,0
2020-02-23,FR,16.25,-61.5833,0,0
2020-02-14,FR,16.25,-61.5833,0,0
2020-03-28,FR,16.25,-61.5833,102,2
2020-03-21,FR,16.25,-61.5833,53,0
2020-03-12,FR,16.25,-61.5833,0,0
2020-01-24,FR,16.25,-61.5833,0,0
2020-02-29,FR,16.25,-61.5833,0,0
2020-02-28,FR,16.25,-61.5833,0,0
2020-03-03,FR,16.25,-61.5833,0,0
2020-01-27,FR,16.25,-61.5833,0,0
2020-02-02,FR,16.25,-61.5833,0,0
2020-03-06,FR,16.25,-61.5833,0,0
2020-03-07,FR,16.25,-61.5833,0,0
2020-02-09,FR,16.25,-61.5833,0,0
2020-02-06,FR,16.25,-61.5833,0,0
2020-02-12,FR,16.25,-61.5833,0,0
2020-03-25,FR,16.25,-61.5833,73,1
2020-03-05,FR,16.25,-61.5833,0,0
2020-03-01,FR,16.25,-61.5833,0,0
2020-01-31,FR,16.25,-61.5833,0,0
2020-02-25,FR,16.25,-61.5833,0,0
2020-02-18,FR,16.25,-61.5833,0,0
2020-02-22,FR,16.25,-61.5833,0,0
2020-02-19,FR,16.25,-61.5833,0,0
2020-01-28,FR,16.25,-61.5833,0,0
2020-03-19,FR,16.25,-61.5833,33,0
2020-02-24,FR,16.25,-61.5833,0,0
2020-03-10,FR,16.25,-61.5833,0,0
2020-03-29,FR,16.25,-61.5833,106,4
2020-03-15,FR,16.25,-61.5833,3,0
2020-02-13,FR,16.25,-61.5833,0,0
2020-02-01,FR,16.25,-61.5833,0,0
2020-01-23,FR,16.25,-61.5833,0,0
2020-01-22,FR,16.25,-61.5833,0,0
2020-01-30,FR,16.25,-61.5833,0,0
2020-02-11,FR,16.25,-61.5833,0,0
2020-02-21,FR,16.25,-61.5833,0,0
2020-02-03,FR,16.25,-61.5833,0,0
2020-02-15,FR,16.25,-61.5833,0,0
2020-03-30,FR,16.25,-61.5833,106,4
2020-03-23,FR,16.25,-61.5833,62,1
2020-02-05,FR,16.25,-61.5833,0,0
2020-02-17,FR,16.25,-61.5833,0,0
2020-03-22,FR,16.25,-61.5833,58,1
2020-03-16,FR,16.25,-61.5833,6,0
2020-02-08,FR,16.25,-61.5833,0,0
2020-02-26,FR,16.25,-61.5833,0,0
2020-03-08,FR,16.25,-61.5833,0,0
2020-01-31,FR,14.6415,-61.0242,0,0
2020-03-08,FR,14.6415,-61.0242,2,0
2020-03-28,FR,14.6415,-61.0242,93,1
2020-01-22,FR,14.6415,-61.0242,0,0
2020-03-01,FR,14.6415,-61.0242,0,0
2020-02-22,FR,14.6415,-61.0242,0,0
2020-01-28,FR,14.6415,-61.0242,0,0
2020-02-01,FR,14.6415,-61.0242,0,0
2020-03-25,FR,14.6415,-61.0242,66,1
2020-02-16,FR,14.6415,-61.0242,0,0
2020-03-31,FR,14.6415,-61.0242,128,3
2020-03-18,FR,14.6415,-61.0242,19,1
2020-03-26,FR,14.6415,-61.0242,66,1
2020-03-21,FR,14.6415,-61.0242,32,1
2020-02-21,FR,14.6415,-61.0242,0,0
2020-01-27,FR,14.6415,-61.0242,0,0
2020-03-02,FR,14.6415,-61.0242,0,0
2020-03-12,FR,14.6415,-61.0242,3,0
2020-03-10,FR,14.6415,-61.0242,2,0
2020-03-11,FR,14.6415,-61.0242,3,0
2020-03-15,FR,14.6415,-61.0242,9,0
2020-03-17,FR,14.6415,-61.0242,16,1
2020-03-14,FR,14.6415,-61.0242,9,0
2020-02-06,FR,14.6415,-61.0242,0,0
2020-02-10,FR,14.6415,-61.0242,0,0
2020-03-09,FR,14.6415,-61.0242,2,0
2020-02-07,FR,14.6415,-61.0242,0,0
2020-02-11,FR,14.6415,-61.0242,0,0
2020-03-16,FR,14.6415,-61.0242,15,1
2020-03-13,FR,14.6415,-61.0242,3,0
2020-02-08,FR,14.6415,-61.0242,0,0
2020-02-05,FR,14.6415,-61.0242,0,0
2020-02-09,FR,14.6415,-61.0242,0,0
2020-02-13,FR,14.6415,-61.0242,0,0
2020-02-12,FR,14.6415,-61.0242,0,0
2020-02-28,FR,14.6415,-61.0242,0,0
2020-03-06,FR,14.6415,-61.0242,0,0
2020-01-29,FR,14.6415,-61.0242,0,0
2020-02-19,FR,14.6415,-61.0242,0,0
2020-03-29,FR,14.6415,-61.0242,93,1
2020-02-17,FR,14.6415,-61.0242,0,0
2020-02-24,FR,14.6415,-61.0242,0,0
2020-02-15,FR,14.6415,-61.0242,0,0
2020-03-22,FR,14.6415,-61.0242,44,1
2020-01-23,FR,14.6415,-61.0242,0,0
2020-03-03,FR,14.6415,-61.0242,0,0
2020-03-04,FR,14.6415,-61.0242,0,0
2020-02-03,FR,14.6415,-61.0242,0,0
2020-02-04,FR,14.6415,-61.0242,0,0
2020-03-20,FR,14.6415,-61.0242,32,1
2020-01-25,FR,14.6415,-61.0242,0,0
2020-02-27,FR,14.6415,-61.0242,0,0
2020-03-07,FR,14.6415,-61.0242,2,0
2020-02-02,FR,14.6415,-61.0242,0,0
2020-03-24,FR,14.6415,-61.0242,57,1
2020-02-18,FR,14.6415,-61.0242,0,0
2020-02-26,FR,14.6415,-61.0242,0,0
2020-02-29,FR,14.6415,-61.0242,0,0
2020-03-05,FR,14.6415,-61.0242,0,0
2020-01-30,FR,14.6415,-61.0242,0,0
2020-03-30,FR,14.6415,-61.0242,93,1
2020-02-20,FR,14.6415,-61.0242,0,0
2020-03-23,FR,14.6415,-61.0242,53,1
2020-03-19,FR,14.6415,-61.0242,23,1
2020-01-26,FR,14.6415,-61.0242,0,0
2020-02-14,FR,14.6415,-61.0242,0,0
2020-01-24,FR,14.6415,-61.0242,0,0
2020-02-23,FR,14.6415,-61.0242,0,0
2020-02-25,FR,14.6415,-61.0242,0,0
2020-03-27,FR,14.6415,-61.0242,81,1
2020-03-15,FR,3.9339,-53.1258,7,0
2020-03-14,FR,3.9339,-53.1258,5,0
2020-02-07,FR,3.9339,-53.1258,0,0
2020-03-13,FR,3.9339,-53.1258,5,0
2020-02-18,FR,3.9339,-53.1258,0,0
2020-03-31,FR,3.9339,-53.1258,43,0
2020-03-12,FR,3.9339,-53.1258,5,0
2020-03-06,FR,3.9339,-53.1258,0,0
2020-02-16,FR,3.9339,-53.1258,0,0
2020-03-28,FR,3.9339,-53.1258,28,0
2020-02-20,FR,3.9339,-53.1258,0,0
2020-01-25,FR,3.9339,-53.1258,0,0
2020-02-27,FR,3.9339,-53.1258,0,0
2020-02-10,FR,3.9339,-53.1258,0,0
2020-02-05,FR,3.9339,-53.1258,0,0
2020-02-28,FR,3.9339,-53.1258,0,0
2020-02-01,FR,3.9339,-53.1258,0,0
2020-02-08,FR,3.9339,-53.1258,0,0
2020-02-15,FR,3.9339,-53.1258,0,0
2020-03-01,FR,3.9339,-53.1258,0,0
2020-02-21,FR,3.9339,-53.1258,0,0
2020-02-14,FR,3.9339,-53.1258,0,0
2020-03-18,FR,3.9339,-53.1258,11,0
2020-02-17,FR,3.9339,-53.1258,0,0
2020-03-16,FR,3.9339,-53.1258,11,0
2020-03-10,FR,3.9339,-53.1258,5,0
2020-02-06,FR,3.9339,-53.1258,0,0
2020-02-26,FR,3.9339,-53.1258,0,0
2020-03-20,FR,3.9339,-53.1258,15,0
2020-03-04,FR,3.9339,-53.1258,0,0
2020-01-27,FR,3.9339,-53.1258,0,0
2020-03-26,FR,3.9339,-53.1258,28,0
2020-01-30,FR,3.9339,-53.1258,0,0
2020-03-11,FR,3.9339,-53.1258,5,0
2020-03-23,FR,3.9339,-53.1258,20,0
2020-03-08,FR,3.9339,-53.1258,5,0
2020-02-04,FR,3.9339,-53.1258,0,0
2020-03-09,FR,3.9339,-53.1258,5,0
2020-03-21,FR,3.9339,-53.1258,18,0
2020-03-07,FR,3.9339,-53.1258,5,0
2020-02-22,FR,3.9339,-53.1258,0,0
2020-01-22,FR,3.9339,-53.1258,0,0
2020-01-29,FR,3.9339,-53.1258,0,0
2020-01-28,FR,3.9339,-53.1258,0,0
2020-02-25,FR,3.9339,-53.1258,0,0
2020-03-17,FR,3.9339,-53.1258,11,0
2020-02-19,FR,3.9339,-53.1258,0,0
2020-02-13,FR,3.9339,-53.1258,0,0
2020-03-02,FR,3.9339,-53.1258,0,0
2020-02-09,FR,3.9339,-53.1258,0,0
2020-03-03,FR,3.9339,-53.1258,0,0
2020-02-11,FR,3.9339,-53.1258,0,0
2020-03-25,FR,3.9339,-53.1258,28,0
2020-03-24,FR,3.9339,-53.1258,23,0
2020-03-27,FR,3.9339,-53.1258,28,0
2020-03-29,FR,3.9339,-53.1258,28,0
2020-01-24,FR,3.9339,-53.1258,0,0
2020-02-02,FR,3.9339,-53.1258,0,0
2020-02-23,FR,3.9339,-53.1258,0,0
2020-02-29,FR,3.9339,-53.1258,0,0
2020-02-03,FR,3.9339,-53.1258,0,0
2020-01-31,FR,3.9339,-53.1258,0,0
2020-02-24,FR,3.9339,-53.1258,0,0
2020-01-23,FR,3.9339,-53.1258,0,0
2020-01-26,FR,3.9339,-53.1258,0,0
2020-03-05,FR,3.9339,-53.1258,0,0
2020-03-19,FR,3.9339,-53.1258,11,0
2020-03-22,FR,3.9339,-53.1258,18,0
2020-03-30,FR,3.9339,-53.1258,43,0
2020-02-12,FR,3.9339,-53.1258,0,0
2020-03-17,FR,46.2276,2.2137,7652,148
2020-02-06,FR,46.2276,2.2137,6,0
2020-03-08,FR,46.2276,2.2137,1126,19
2020-03-16,FR,46.2276,2.2137,6633,148
2020-01-29,FR,46.2276,2.2137,5,0
2020-03-24,FR,46.2276,2.2137,22304,1100
2020-03-19,FR,46.2276,2.2137,10871,243
2020-03-31,FR,46.2276,2.2137,52128,3523
2020-02-26,FR,46.2276,2.2137,18,2
2020-01-22,FR,46.2276,2.2137,0,0
2020-02-03,FR,46.2276,2.2137,6,0
2020-02-12,FR,46.2276,2.2137,11,0
2020-03-23,FR,46.2276,2.2137,19856,860
2020-03-09,FR,46.2276,2.2137,1209,19
2020-02-05,FR,46.2276,2.2137,6,0
2020-03-25,FR,46.2276,2.2137,25233,1331
2020-02-29,FR,46.2276,2.2137,100,2
2020-03-27,FR,46.2276,2.2137,32964,1995
2020-03-04,FR,46.2276,2.2137,285,4
2020-02-24,FR,46.2276,2.2137,12,1
2020-03-20,FR,46.2276,2.2137,12612,450
2020-03-05,FR,46.2276,2.2137,377,6
2020-03-06,FR,46.2276,2.2137,653,9
2020-03-22,FR,46.2276,2.2137,16018,674
2020-02-01,FR,46.2276,2.2137,6,0
2020-01-31,FR,46.2276,2.2137,5,0
2020-02-09,FR,46.2276,2.2137,11,0
2020-03-26,FR,46.2276,2.2137,29155,1696
2020-03-21,FR,46.2276,2.2137,14282,562
2020-02-17,FR,46.2276,2.2137,12,1
2020-01-30,FR,46.2276,2.2137,5,0
2020-02-16,FR,46.2276,2.2137,12,1
2020-02-19,FR,46.2276,2.2137,12,1
2020-03-07,FR,46.2276,2.2137,949,11
2020-03-18,FR,46.2276,2.2137,9043,148
2020-03-10,FR,46.2276,2.2137,1784,33
2020-02-13,FR,46.2276,2.2137,11,0
2020-03-15,FR,46.2276,2.2137,4499,91
2020-02-08,FR,46.2276,2.2137,11,0
2020-03-11,FR,46.2276,2.2137,2281,48
2020-02-11,FR,46.2276,2.2137,11,0
2020-02-25,FR,46.2276,2.2137,14,1
2020-02-20,FR,46.2276,2.2137,12,1
2020-01-27,FR,46.2276,2.2137,3,0
2020-03-13,FR,46.2276,2.2137,3661,79
2020-01-26,FR,46.2276,2.2137,3,0
2020-02-22,FR,46.2276,2.2137,12,1
2020-01-25,FR,46.2276,2.2137,3,0
2020-03-01,FR,46.2276,2.2137,130,2
2020-02-04,FR,46.2276,2.2137,6,0
2020-02-28,FR,46.2276,2.2137,57,2
2020-02-27,FR,46.2276,2.2137,38,2
2020-03-03,FR,46.2276,2.2137,204,4
2020-02-14,FR,46.2276,2.2137,11,0
2020-02-18,FR,46.2276,2.2137,12,1
2020-02-15,FR,46.2276,2.2137,12,1
2020-03-30,FR,46.2276,2.2137,44550,3024
2020-01-28,FR,46.2276,2.2137,4,0
2020-03-02,FR,46.2276,2.2137,191,3
2020-01-23,FR,46.2276,2.2137,0,0
2020-03-14,FR,46.2276,2.2137,4469,91
2020-02-10,FR,46.2276,2.2137,11,0
2020-02-21,FR,46.2276,2.2137,12,1
2020-03-12,FR,46.2276,2.2137,2281,48
2020-02-23,FR,46.2276,2.2137,12,1
2020-02-07,FR,46.2276,2.2137,6,0
2020-02-02,FR,46.2276,2.2137,6,0
2020-01-24,FR,46.2276,2.2137,2,0
2020-03-29,FR,46.2276,2.2137,40174,2606
2020-03-28,FR,46.2276,2.2137,37575,2314
